model,eval,rung,train,method,family,prr_mean,prr_std,n_seeds,degenerate_seeds,source,method_cells,complete_grid
Qwen/Qwen2.5-14B,pubmed_qa,ID,,floor_sum,reference baseline,-0.3335,0.0,3,,corrected-span master,40,yes
Qwen/Qwen2.5-14B,pubmed_qa,ID,,floor_ppl,reference baseline,0.0219,0.0,3,,corrected-span master,40,yes
Qwen/Qwen2.5-14B,pubmed_qa,ID,,floor_min,reference baseline,-0.204,0.0,3,,corrected-span master,40,yes
Qwen/Qwen2.5-14B,pubmed_qa,ID,,fair_floor,reference baseline,-0.204,0.0,0,,corrected-span master,40,yes
Qwen/Qwen2.5-14B,pubmed_qa,ID,,saplma,reference baseline,0.7205,0.0047,3,,corrected-span master,40,yes
Qwen/Qwen2.5-14B,pubmed_qa,ID,,uniform,this project,0.6988,0.0082,3,,corrected-span master,40,yes
Qwen/Qwen2.5-14B,pubmed_qa,ID,,attention,this project,0.6852,0.0185,3,,corrected-span master,40,yes
Qwen/Qwen2.5-14B,pubmed_qa,ID,,wmsp_norm,this project,0.2923,0.1566,3,,corrected-span master,40,yes
Qwen/Qwen2.5-14B,pubmed_qa,ID,,wmsp_shrink2,this project,0.4703,0.0288,3,,corrected-span master,40,yes
Qwen/Qwen2.5-14B,pubmed_qa,ID,,wmsp_shrink10,this project,0.3514,0.0401,3,,corrected-span master,40,yes
Qwen/Qwen2.5-14B,pubmed_qa,SameTask-long,,floor_sum,reference baseline,-0.3335,0.0,3,,corrected-span master,40,yes
Qwen/Qwen2.5-14B,pubmed_qa,SameTask-long,,floor_ppl,reference baseline,0.0219,0.0,3,,corrected-span master,40,yes
Qwen/Qwen2.5-14B,pubmed_qa,SameTask-long,,floor_min,reference baseline,-0.204,0.0,3,,corrected-span master,40,yes
Qwen/Qwen2.5-14B,pubmed_qa,SameTask-long,,fair_floor,reference baseline,-0.204,0.0,0,,corrected-span master,40,yes
Qwen/Qwen2.5-14B,pubmed_qa,SameTask-long,,saplma,reference baseline,0.5001,0.0071,3,,corrected-span master,40,yes
Qwen/Qwen2.5-14B,pubmed_qa,SameTask-long,,uniform,this project,0.4185,0.0052,3,,corrected-span master,40,yes
Qwen/Qwen2.5-14B,pubmed_qa,SameTask-long,,attention,this project,0.3981,0.0061,3,,corrected-span master,40,yes
Qwen/Qwen2.5-14B,pubmed_qa,SameTask-long,,wmsp_norm,this project,0.0147,0.1184,3,,corrected-span master,40,yes
Qwen/Qwen2.5-14B,pubmed_qa,SameTask-long,,wmsp_shrink2,this project,0.2072,0.025,3,,corrected-span master,40,yes
Qwen/Qwen2.5-14B,pubmed_qa,SameTask-long,,wmsp_shrink10,this project,0.1289,0.011,3,,corrected-span master,40,yes
Qwen/Qwen2.5-14B,pubmed_qa,DiffTask-long,,floor_sum,reference baseline,-0.3335,0.0,3,,corrected-span master,40,yes
Qwen/Qwen2.5-14B,pubmed_qa,DiffTask-long,,floor_ppl,reference baseline,0.0219,0.0,3,,corrected-span master,40,yes
Qwen/Qwen2.5-14B,pubmed_qa,DiffTask-long,,floor_min,reference baseline,-0.204,0.0,3,,corrected-span master,40,yes
Qwen/Qwen2.5-14B,pubmed_qa,DiffTask-long,,fair_floor,reference baseline,-0.204,0.0,0,,corrected-span master,40,yes
Qwen/Qwen2.5-14B,pubmed_qa,DiffTask-long,,saplma,reference baseline,0.1728,0.191,3,,corrected-span master,40,yes
Qwen/Qwen2.5-14B,pubmed_qa,DiffTask-long,,uniform,this project,0.1755,0.2906,3,,corrected-span master,40,yes
Qwen/Qwen2.5-14B,pubmed_qa,DiffTask-long,,attention,this project,0.3487,0.0135,3,,corrected-span master,40,yes
Qwen/Qwen2.5-14B,pubmed_qa,DiffTask-long,,wmsp_norm,this project,0.2066,0.0324,3,,corrected-span master,40,yes
Qwen/Qwen2.5-14B,pubmed_qa,DiffTask-long,,wmsp_shrink2,this project,0.2138,0.0699,3,,corrected-span master,40,yes
Qwen/Qwen2.5-14B,pubmed_qa,DiffTask-long,,wmsp_shrink10,this project,0.1137,0.0524,3,,corrected-span master,40,yes
Qwen/Qwen2.5-14B,pubmed_qa,LOO-long,,floor_sum,reference baseline,-0.3335,0.0,3,,corrected-span master,40,yes
Qwen/Qwen2.5-14B,pubmed_qa,LOO-long,,floor_ppl,reference baseline,0.0219,0.0,3,,corrected-span master,40,yes
Qwen/Qwen2.5-14B,pubmed_qa,LOO-long,,floor_min,reference baseline,-0.204,0.0,3,,corrected-span master,40,yes
Qwen/Qwen2.5-14B,pubmed_qa,LOO-long,,fair_floor,reference baseline,-0.204,0.0,0,,corrected-span master,40,yes
Qwen/Qwen2.5-14B,pubmed_qa,LOO-long,,saplma,reference baseline,0.3964,0.03,3,,corrected-span master,40,yes
Qwen/Qwen2.5-14B,pubmed_qa,LOO-long,,uniform,this project,0.3425,0.0292,3,,corrected-span master,40,yes
Qwen/Qwen2.5-14B,pubmed_qa,LOO-long,,attention,this project,0.3508,0.0311,3,,corrected-span master,40,yes
Qwen/Qwen2.5-14B,pubmed_qa,LOO-long,,wmsp_norm,this project,0.2816,0.0818,3,,corrected-span master,40,yes
Qwen/Qwen2.5-14B,pubmed_qa,LOO-long,,wmsp_shrink2,this project,0.1541,0.1007,3,,corrected-span master,40,yes
Qwen/Qwen2.5-14B,pubmed_qa,LOO-long,,wmsp_shrink10,this project,0.1643,0.0712,3,,corrected-span master,40,yes
Qwen/Qwen2.5-14B,pubmed_qa,1ds-Diff-long,,floor_sum,reference baseline,-0.3335,0.0,3,,corrected-span master,40,yes
Qwen/Qwen2.5-14B,pubmed_qa,1ds-Diff-long,,floor_ppl,reference baseline,0.0219,0.0,3,,corrected-span master,40,yes
Qwen/Qwen2.5-14B,pubmed_qa,1ds-Diff-long,,floor_min,reference baseline,-0.204,0.0,3,,corrected-span master,40,yes
Qwen/Qwen2.5-14B,pubmed_qa,1ds-Diff-long,,fair_floor,reference baseline,-0.204,0.0,0,,corrected-span master,40,yes
Qwen/Qwen2.5-14B,pubmed_qa,1ds-Diff-long,,saplma,reference baseline,0.4046,0.0092,3,,corrected-span master,40,yes
Qwen/Qwen2.5-14B,pubmed_qa,1ds-Diff-long,,uniform,this project,0.2678,0.0081,3,,corrected-span master,40,yes
Qwen/Qwen2.5-14B,pubmed_qa,1ds-Diff-long,,attention,this project,0.2494,0.007,3,,corrected-span master,40,yes
Qwen/Qwen2.5-14B,pubmed_qa,1ds-Diff-long,,wmsp_norm,this project,0.2839,0.042,3,,corrected-span master,40,yes
Qwen/Qwen2.5-14B,pubmed_qa,1ds-Diff-long,,wmsp_shrink2,this project,0.2839,0.0172,3,,corrected-span master,40,yes
Qwen/Qwen2.5-14B,pubmed_qa,1ds-Diff-long,,wmsp_shrink10,this project,0.1679,0.0069,3,,corrected-span master,40,yes
Qwen/Qwen2.5-14B,med_quad,ID,,floor_sum,reference baseline,-0.1174,0.0,3,,corrected-span master,40,yes
Qwen/Qwen2.5-14B,med_quad,ID,,floor_ppl,reference baseline,0.2208,0.0,3,,corrected-span master,40,yes
Qwen/Qwen2.5-14B,med_quad,ID,,floor_min,reference baseline,0.1201,0.0,3,,corrected-span master,40,yes
Qwen/Qwen2.5-14B,med_quad,ID,,fair_floor,reference baseline,0.1201,0.0,0,,corrected-span master,40,yes
Qwen/Qwen2.5-14B,med_quad,ID,,saplma,reference baseline,0.4341,0.0467,3,,corrected-span master,40,yes
Qwen/Qwen2.5-14B,med_quad,ID,,uniform,this project,0.468,0.004,3,,corrected-span master,40,yes
Qwen/Qwen2.5-14B,med_quad,ID,,attention,this project,0.4384,0.0041,3,,corrected-span master,40,yes
Qwen/Qwen2.5-14B,med_quad,ID,,wmsp_norm,this project,0.3406,0.0172,3,,corrected-span master,40,yes
Qwen/Qwen2.5-14B,med_quad,ID,,wmsp_shrink2,this project,0.4368,0.0198,3,,corrected-span master,40,yes
Qwen/Qwen2.5-14B,med_quad,ID,,wmsp_shrink10,this project,0.4206,0.0226,3,,corrected-span master,40,yes
Qwen/Qwen2.5-14B,med_quad,SameTask-long,,floor_sum,reference baseline,-0.1174,0.0,3,,corrected-span master,40,yes
Qwen/Qwen2.5-14B,med_quad,SameTask-long,,floor_ppl,reference baseline,0.2208,0.0,3,,corrected-span master,40,yes
Qwen/Qwen2.5-14B,med_quad,SameTask-long,,floor_min,reference baseline,0.1201,0.0,3,,corrected-span master,40,yes
Qwen/Qwen2.5-14B,med_quad,SameTask-long,,fair_floor,reference baseline,0.1201,0.0,0,,corrected-span master,40,yes
Qwen/Qwen2.5-14B,med_quad,SameTask-long,,saplma,reference baseline,0.2906,0.0212,3,,corrected-span master,40,yes
Qwen/Qwen2.5-14B,med_quad,SameTask-long,,uniform,this project,0.2579,0.0311,3,,corrected-span master,40,yes
Qwen/Qwen2.5-14B,med_quad,SameTask-long,,attention,this project,0.2289,0.0458,3,,corrected-span master,40,yes
Qwen/Qwen2.5-14B,med_quad,SameTask-long,,wmsp_norm,this project,0.1688,0.0221,3,,corrected-span master,40,yes
Qwen/Qwen2.5-14B,med_quad,SameTask-long,,wmsp_shrink2,this project,0.2398,0.0338,3,,corrected-span master,40,yes
Qwen/Qwen2.5-14B,med_quad,SameTask-long,,wmsp_shrink10,this project,0.2632,0.0173,3,,corrected-span master,40,yes
Qwen/Qwen2.5-14B,med_quad,DiffTask-long,,floor_sum,reference baseline,-0.1174,0.0,3,,corrected-span master,40,yes
Qwen/Qwen2.5-14B,med_quad,DiffTask-long,,floor_ppl,reference baseline,0.2208,0.0,3,,corrected-span master,40,yes
Qwen/Qwen2.5-14B,med_quad,DiffTask-long,,floor_min,reference baseline,0.1201,0.0,3,,corrected-span master,40,yes
Qwen/Qwen2.5-14B,med_quad,DiffTask-long,,fair_floor,reference baseline,0.1201,0.0,0,,corrected-span master,40,yes
Qwen/Qwen2.5-14B,med_quad,DiffTask-long,,saplma,reference baseline,0.2791,0.0184,3,,corrected-span master,40,yes
Qwen/Qwen2.5-14B,med_quad,DiffTask-long,,uniform,this project,0.2605,0.0294,3,,corrected-span master,40,yes
Qwen/Qwen2.5-14B,med_quad,DiffTask-long,,attention,this project,0.2245,0.0147,3,,corrected-span master,40,yes
Qwen/Qwen2.5-14B,med_quad,DiffTask-long,,wmsp_norm,this project,0.1844,0.025,3,,corrected-span master,40,yes
Qwen/Qwen2.5-14B,med_quad,DiffTask-long,,wmsp_shrink2,this project,0.2254,0.0112,3,,corrected-span master,40,yes
Qwen/Qwen2.5-14B,med_quad,DiffTask-long,,wmsp_shrink10,this project,0.2444,0.0385,3,,corrected-span master,40,yes
Qwen/Qwen2.5-14B,med_quad,LOO-long,,floor_sum,reference baseline,-0.1174,0.0,3,,corrected-span master,40,yes
Qwen/Qwen2.5-14B,med_quad,LOO-long,,floor_ppl,reference baseline,0.2208,0.0,3,,corrected-span master,40,yes
Qwen/Qwen2.5-14B,med_quad,LOO-long,,floor_min,reference baseline,0.1201,0.0,3,,corrected-span master,40,yes
Qwen/Qwen2.5-14B,med_quad,LOO-long,,fair_floor,reference baseline,0.1201,0.0,0,,corrected-span master,40,yes
Qwen/Qwen2.5-14B,med_quad,LOO-long,,saplma,reference baseline,0.2943,0.0338,3,,corrected-span master,40,yes
Qwen/Qwen2.5-14B,med_quad,LOO-long,,uniform,this project,0.2876,0.0257,3,,corrected-span master,40,yes
Qwen/Qwen2.5-14B,med_quad,LOO-long,,attention,this project,0.2493,0.0204,3,,corrected-span master,40,yes
Qwen/Qwen2.5-14B,med_quad,LOO-long,,wmsp_norm,this project,0.2415,0.0151,3,,corrected-span master,40,yes
Qwen/Qwen2.5-14B,med_quad,LOO-long,,wmsp_shrink2,this project,0.2539,0.0323,3,,corrected-span master,40,yes
Qwen/Qwen2.5-14B,med_quad,LOO-long,,wmsp_shrink10,this project,0.3076,0.0081,3,,corrected-span master,40,yes
Qwen/Qwen2.5-14B,med_quad,1ds-Diff-long,,floor_sum,reference baseline,-0.1174,0.0,3,,corrected-span master,40,yes
Qwen/Qwen2.5-14B,med_quad,1ds-Diff-long,,floor_ppl,reference baseline,0.2208,0.0,3,,corrected-span master,40,yes
Qwen/Qwen2.5-14B,med_quad,1ds-Diff-long,,floor_min,reference baseline,0.1201,0.0,3,,corrected-span master,40,yes
Qwen/Qwen2.5-14B,med_quad,1ds-Diff-long,,fair_floor,reference baseline,0.1201,0.0,0,,corrected-span master,40,yes
Qwen/Qwen2.5-14B,med_quad,1ds-Diff-long,,saplma,reference baseline,0.215,0.0064,3,,corrected-span master,40,yes
Qwen/Qwen2.5-14B,med_quad,1ds-Diff-long,,uniform,this project,0.1745,0.0047,3,,corrected-span master,40,yes
Qwen/Qwen2.5-14B,med_quad,1ds-Diff-long,,attention,this project,0.1414,0.003,3,,corrected-span master,40,yes
Qwen/Qwen2.5-14B,med_quad,1ds-Diff-long,,wmsp_norm,this project,0.145,0.0268,3,,corrected-span master,40,yes
Qwen/Qwen2.5-14B,med_quad,1ds-Diff-long,,wmsp_shrink2,this project,0.1871,0.0054,3,,corrected-span master,40,yes
Qwen/Qwen2.5-14B,med_quad,1ds-Diff-long,,wmsp_shrink10,this project,0.2205,0.0107,3,,corrected-span master,40,yes
Qwen/Qwen2.5-14B,asqa,ID,,floor_sum,reference baseline,0.1038,0.0,3,,corrected-span master,40,yes
Qwen/Qwen2.5-14B,asqa,ID,,floor_ppl,reference baseline,0.1851,0.0,3,,corrected-span master,40,yes
Qwen/Qwen2.5-14B,asqa,ID,,floor_min,reference baseline,0.1247,0.0,3,,corrected-span master,40,yes
Qwen/Qwen2.5-14B,asqa,ID,,fair_floor,reference baseline,0.1247,0.0,0,,corrected-span master,40,yes
Qwen/Qwen2.5-14B,asqa,ID,,saplma,reference baseline,0.3964,0.0314,3,,corrected-span master,40,yes
Qwen/Qwen2.5-14B,asqa,ID,,uniform,this project,0.3851,0.0028,3,,corrected-span master,40,yes
Qwen/Qwen2.5-14B,asqa,ID,,attention,this project,0.3526,0.0058,3,,corrected-span master,40,yes
Qwen/Qwen2.5-14B,asqa,ID,,wmsp_norm,this project,0.3264,0.0403,3,,corrected-span master,40,yes
Qwen/Qwen2.5-14B,asqa,ID,,wmsp_shrink2,this project,0.3751,0.0258,3,,corrected-span master,40,yes
Qwen/Qwen2.5-14B,asqa,ID,,wmsp_shrink10,this project,0.3412,0.0083,3,,corrected-span master,40,yes
Qwen/Qwen2.5-14B,asqa,SameTask-long,,floor_sum,reference baseline,0.1038,0.0,3,,corrected-span master,40,yes
Qwen/Qwen2.5-14B,asqa,SameTask-long,,floor_ppl,reference baseline,0.1851,0.0,3,,corrected-span master,40,yes
Qwen/Qwen2.5-14B,asqa,SameTask-long,,floor_min,reference baseline,0.1247,0.0,3,,corrected-span master,40,yes
Qwen/Qwen2.5-14B,asqa,SameTask-long,,fair_floor,reference baseline,0.1247,0.0,0,,corrected-span master,40,yes
Qwen/Qwen2.5-14B,asqa,SameTask-long,,saplma,reference baseline,0.254,0.0176,3,,corrected-span master,40,yes
Qwen/Qwen2.5-14B,asqa,SameTask-long,,uniform,this project,0.2496,0.0273,3,,corrected-span master,40,yes
Qwen/Qwen2.5-14B,asqa,SameTask-long,,attention,this project,0.2532,0.039,3,,corrected-span master,40,yes
Qwen/Qwen2.5-14B,asqa,SameTask-long,,wmsp_norm,this project,0.1343,0.0429,3,,corrected-span master,40,yes
Qwen/Qwen2.5-14B,asqa,SameTask-long,,wmsp_shrink2,this project,0.1901,0.0384,3,,corrected-span master,40,yes
Qwen/Qwen2.5-14B,asqa,SameTask-long,,wmsp_shrink10,this project,0.2128,0.009,3,,corrected-span master,40,yes
Qwen/Qwen2.5-14B,asqa,DiffTask-long,,floor_sum,reference baseline,0.1038,0.0,3,,corrected-span master,40,yes
Qwen/Qwen2.5-14B,asqa,DiffTask-long,,floor_ppl,reference baseline,0.1851,0.0,3,,corrected-span master,40,yes
Qwen/Qwen2.5-14B,asqa,DiffTask-long,,floor_min,reference baseline,0.1247,0.0,3,,corrected-span master,40,yes
Qwen/Qwen2.5-14B,asqa,DiffTask-long,,fair_floor,reference baseline,0.1247,0.0,0,,corrected-span master,40,yes
Qwen/Qwen2.5-14B,asqa,DiffTask-long,,saplma,reference baseline,0.1966,0.046,3,,corrected-span master,40,yes
Qwen/Qwen2.5-14B,asqa,DiffTask-long,,uniform,this project,0.2383,0.0092,3,,corrected-span master,40,yes
Qwen/Qwen2.5-14B,asqa,DiffTask-long,,attention,this project,0.189,0.0088,3,,corrected-span master,40,yes
Qwen/Qwen2.5-14B,asqa,DiffTask-long,,wmsp_norm,this project,0.1628,0.0864,3,,corrected-span master,40,yes
Qwen/Qwen2.5-14B,asqa,DiffTask-long,,wmsp_shrink2,this project,0.2032,0.0262,3,,corrected-span master,40,yes
Qwen/Qwen2.5-14B,asqa,DiffTask-long,,wmsp_shrink10,this project,0.1956,0.0393,3,,corrected-span master,40,yes
Qwen/Qwen2.5-14B,asqa,LOO-long,,floor_sum,reference baseline,0.1038,0.0,3,,corrected-span master,40,yes
Qwen/Qwen2.5-14B,asqa,LOO-long,,floor_ppl,reference baseline,0.1851,0.0,3,,corrected-span master,40,yes
Qwen/Qwen2.5-14B,asqa,LOO-long,,floor_min,reference baseline,0.1247,0.0,3,,corrected-span master,40,yes
Qwen/Qwen2.5-14B,asqa,LOO-long,,fair_floor,reference baseline,0.1247,0.0,0,,corrected-span master,40,yes
Qwen/Qwen2.5-14B,asqa,LOO-long,,saplma,reference baseline,0.1909,0.0396,3,,corrected-span master,40,yes
Qwen/Qwen2.5-14B,asqa,LOO-long,,uniform,this project,0.204,0.0429,3,,corrected-span master,40,yes
Qwen/Qwen2.5-14B,asqa,LOO-long,,attention,this project,0.1766,0.0413,3,,corrected-span master,40,yes
Qwen/Qwen2.5-14B,asqa,LOO-long,,wmsp_norm,this project,0.1305,0.0675,3,,corrected-span master,40,yes
Qwen/Qwen2.5-14B,asqa,LOO-long,,wmsp_shrink2,this project,0.2054,0.0701,3,,corrected-span master,40,yes
Qwen/Qwen2.5-14B,asqa,LOO-long,,wmsp_shrink10,this project,0.1836,0.0442,3,,corrected-span master,40,yes
Qwen/Qwen2.5-14B,asqa,1ds-Diff-long,,floor_sum,reference baseline,0.1038,0.0,3,,corrected-span master,40,yes
Qwen/Qwen2.5-14B,asqa,1ds-Diff-long,,floor_ppl,reference baseline,0.1851,0.0,3,,corrected-span master,40,yes
Qwen/Qwen2.5-14B,asqa,1ds-Diff-long,,floor_min,reference baseline,0.1247,0.0,3,,corrected-span master,40,yes
Qwen/Qwen2.5-14B,asqa,1ds-Diff-long,,fair_floor,reference baseline,0.1247,0.0,0,,corrected-span master,40,yes
Qwen/Qwen2.5-14B,asqa,1ds-Diff-long,,saplma,reference baseline,0.2059,0.0084,3,,corrected-span master,40,yes
Qwen/Qwen2.5-14B,asqa,1ds-Diff-long,,uniform,this project,0.1403,0.0028,3,,corrected-span master,40,yes
Qwen/Qwen2.5-14B,asqa,1ds-Diff-long,,attention,this project,0.0918,0.0088,3,,corrected-span master,40,yes
Qwen/Qwen2.5-14B,asqa,1ds-Diff-long,,wmsp_norm,this project,0.1687,0.0701,3,,corrected-span master,40,yes
Qwen/Qwen2.5-14B,asqa,1ds-Diff-long,,wmsp_shrink2,this project,0.1716,0.0108,3,,corrected-span master,40,yes
Qwen/Qwen2.5-14B,asqa,1ds-Diff-long,,wmsp_shrink10,this project,0.1762,0.0207,3,,corrected-span master,40,yes
Qwen/Qwen2.5-14B,xsum,ID,,floor_sum,reference baseline,-0.0265,0.0,3,,corrected-span master,40,yes
Qwen/Qwen2.5-14B,xsum,ID,,floor_ppl,reference baseline,0.0022,0.0,3,,corrected-span master,40,yes
Qwen/Qwen2.5-14B,xsum,ID,,floor_min,reference baseline,0.16,0.0,3,,corrected-span master,40,yes
Qwen/Qwen2.5-14B,xsum,ID,,fair_floor,reference baseline,0.16,0.0,0,,corrected-span master,40,yes
Qwen/Qwen2.5-14B,xsum,ID,,saplma,reference baseline,0.4629,0.008,3,,corrected-span master,40,yes
Qwen/Qwen2.5-14B,xsum,ID,,uniform,this project,0.4149,0.0038,3,,corrected-span master,40,yes
Qwen/Qwen2.5-14B,xsum,ID,,attention,this project,0.3907,0.005,3,,corrected-span master,40,yes
Qwen/Qwen2.5-14B,xsum,ID,,wmsp_norm,this project,0.2447,0.0176,3,,corrected-span master,40,yes
Qwen/Qwen2.5-14B,xsum,ID,,wmsp_shrink2,this project,0.3691,0.0103,3,,corrected-span master,40,yes
Qwen/Qwen2.5-14B,xsum,ID,,wmsp_shrink10,this project,0.3317,0.0065,3,,corrected-span master,40,yes
Qwen/Qwen2.5-14B,xsum,SameTask-long,,floor_sum,reference baseline,-0.0265,0.0,3,,corrected-span master,40,yes
Qwen/Qwen2.5-14B,xsum,SameTask-long,,floor_ppl,reference baseline,0.0022,0.0,3,,corrected-span master,40,yes
Qwen/Qwen2.5-14B,xsum,SameTask-long,,floor_min,reference baseline,0.16,0.0,3,,corrected-span master,40,yes
Qwen/Qwen2.5-14B,xsum,SameTask-long,,fair_floor,reference baseline,0.16,0.0,0,,corrected-span master,40,yes
Qwen/Qwen2.5-14B,xsum,SameTask-long,,saplma,reference baseline,0.0389,0.0082,3,,corrected-span master,40,yes
Qwen/Qwen2.5-14B,xsum,SameTask-long,,uniform,this project,0.0854,0.0295,3,,corrected-span master,40,yes
Qwen/Qwen2.5-14B,xsum,SameTask-long,,attention,this project,0.0838,0.0472,3,,corrected-span master,40,yes
Qwen/Qwen2.5-14B,xsum,SameTask-long,,wmsp_norm,this project,-0.007,0.04,3,,corrected-span master,40,yes
Qwen/Qwen2.5-14B,xsum,SameTask-long,,wmsp_shrink2,this project,0.0479,0.0221,3,,corrected-span master,40,yes
Qwen/Qwen2.5-14B,xsum,SameTask-long,,wmsp_shrink10,this project,0.0354,0.0154,3,,corrected-span master,40,yes
Qwen/Qwen2.5-14B,xsum,DiffTask-long,,floor_sum,reference baseline,-0.0265,0.0,3,,corrected-span master,40,yes
Qwen/Qwen2.5-14B,xsum,DiffTask-long,,floor_ppl,reference baseline,0.0022,0.0,3,,corrected-span master,40,yes
Qwen/Qwen2.5-14B,xsum,DiffTask-long,,floor_min,reference baseline,0.16,0.0,3,,corrected-span master,40,yes
Qwen/Qwen2.5-14B,xsum,DiffTask-long,,fair_floor,reference baseline,0.16,0.0,0,,corrected-span master,40,yes
Qwen/Qwen2.5-14B,xsum,DiffTask-long,,saplma,reference baseline,0.1773,0.0156,3,,corrected-span master,40,yes
Qwen/Qwen2.5-14B,xsum,DiffTask-long,,uniform,this project,0.1458,0.0045,3,,corrected-span master,40,yes
Qwen/Qwen2.5-14B,xsum,DiffTask-long,,attention,this project,0.1751,0.0031,3,,corrected-span master,40,yes
Qwen/Qwen2.5-14B,xsum,DiffTask-long,,wmsp_norm,this project,0.0654,0.0342,3,,corrected-span master,40,yes
Qwen/Qwen2.5-14B,xsum,DiffTask-long,,wmsp_shrink2,this project,0.1509,0.0264,3,,corrected-span master,40,yes
Qwen/Qwen2.5-14B,xsum,DiffTask-long,,wmsp_shrink10,this project,0.1031,0.0233,3,,corrected-span master,40,yes
Qwen/Qwen2.5-14B,xsum,LOO-long,,floor_sum,reference baseline,-0.0265,0.0,3,,corrected-span master,40,yes
Qwen/Qwen2.5-14B,xsum,LOO-long,,floor_ppl,reference baseline,0.0022,0.0,3,,corrected-span master,40,yes
Qwen/Qwen2.5-14B,xsum,LOO-long,,floor_min,reference baseline,0.16,0.0,3,,corrected-span master,40,yes
Qwen/Qwen2.5-14B,xsum,LOO-long,,fair_floor,reference baseline,0.16,0.0,0,,corrected-span master,40,yes
Qwen/Qwen2.5-14B,xsum,LOO-long,,saplma,reference baseline,0.1025,0.0132,3,,corrected-span master,40,yes
Qwen/Qwen2.5-14B,xsum,LOO-long,,uniform,this project,0.1128,0.0083,3,,corrected-span master,40,yes
Qwen/Qwen2.5-14B,xsum,LOO-long,,attention,this project,0.1349,0.0095,3,,corrected-span master,40,yes
Qwen/Qwen2.5-14B,xsum,LOO-long,,wmsp_norm,this project,0.094,0.012,3,,corrected-span master,40,yes
Qwen/Qwen2.5-14B,xsum,LOO-long,,wmsp_shrink2,this project,0.1541,0.0095,3,,corrected-span master,40,yes
Qwen/Qwen2.5-14B,xsum,LOO-long,,wmsp_shrink10,this project,0.0713,0.0135,3,,corrected-span master,40,yes
Qwen/Qwen2.5-14B,xsum,1ds-Diff-long,,floor_sum,reference baseline,-0.0265,0.0,3,,corrected-span master,40,yes
Qwen/Qwen2.5-14B,xsum,1ds-Diff-long,,floor_ppl,reference baseline,0.0022,0.0,3,,corrected-span master,40,yes
Qwen/Qwen2.5-14B,xsum,1ds-Diff-long,,floor_min,reference baseline,0.16,0.0,3,,corrected-span master,40,yes
Qwen/Qwen2.5-14B,xsum,1ds-Diff-long,,fair_floor,reference baseline,0.16,0.0,0,,corrected-span master,40,yes
Qwen/Qwen2.5-14B,xsum,1ds-Diff-long,,saplma,reference baseline,0.0659,0.0125,3,,corrected-span master,40,yes
Qwen/Qwen2.5-14B,xsum,1ds-Diff-long,,uniform,this project,-0.0295,0.0045,3,,corrected-span master,40,yes
Qwen/Qwen2.5-14B,xsum,1ds-Diff-long,,attention,this project,0.0046,0.0181,3,,corrected-span master,40,yes
Qwen/Qwen2.5-14B,xsum,1ds-Diff-long,,wmsp_norm,this project,0.0321,0.0343,3,,corrected-span master,40,yes
Qwen/Qwen2.5-14B,xsum,1ds-Diff-long,,wmsp_shrink2,this project,0.0866,0.0099,3,,corrected-span master,40,yes
Qwen/Qwen2.5-14B,xsum,1ds-Diff-long,,wmsp_shrink10,this project,0.0844,0.0218,3,,corrected-span master,40,yes
Qwen/Qwen2.5-14B,cnn_dailymail,ID,,floor_sum,reference baseline,-0.2923,0.0,3,,corrected-span master,40,yes
Qwen/Qwen2.5-14B,cnn_dailymail,ID,,floor_ppl,reference baseline,-0.0442,0.0,3,,corrected-span master,40,yes
Qwen/Qwen2.5-14B,cnn_dailymail,ID,,floor_min,reference baseline,-0.1077,0.0,3,,corrected-span master,40,yes
Qwen/Qwen2.5-14B,cnn_dailymail,ID,,fair_floor,reference baseline,-0.1077,0.0,0,,corrected-span master,40,yes
Qwen/Qwen2.5-14B,cnn_dailymail,ID,,saplma,reference baseline,0.3559,0.0224,3,,corrected-span master,40,yes
Qwen/Qwen2.5-14B,cnn_dailymail,ID,,uniform,this project,0.3431,0.0161,3,,corrected-span master,40,yes
Qwen/Qwen2.5-14B,cnn_dailymail,ID,,attention,this project,0.3479,0.0151,3,,corrected-span master,40,yes
Qwen/Qwen2.5-14B,cnn_dailymail,ID,,wmsp_norm,this project,0.1975,0.0244,3,,corrected-span master,40,yes
Qwen/Qwen2.5-14B,cnn_dailymail,ID,,wmsp_shrink2,this project,0.3136,0.0044,3,,corrected-span master,40,yes
Qwen/Qwen2.5-14B,cnn_dailymail,ID,,wmsp_shrink10,this project,0.2677,0.0028,3,,corrected-span master,40,yes
Qwen/Qwen2.5-14B,cnn_dailymail,SameTask-long,,floor_sum,reference baseline,-0.2923,0.0,3,,corrected-span master,40,yes
Qwen/Qwen2.5-14B,cnn_dailymail,SameTask-long,,floor_ppl,reference baseline,-0.0442,0.0,3,,corrected-span master,40,yes
Qwen/Qwen2.5-14B,cnn_dailymail,SameTask-long,,floor_min,reference baseline,-0.1077,0.0,3,,corrected-span master,40,yes
Qwen/Qwen2.5-14B,cnn_dailymail,SameTask-long,,fair_floor,reference baseline,-0.1077,0.0,0,,corrected-span master,40,yes
Qwen/Qwen2.5-14B,cnn_dailymail,SameTask-long,,saplma,reference baseline,0.2123,0.0245,3,,corrected-span master,40,yes
Qwen/Qwen2.5-14B,cnn_dailymail,SameTask-long,,uniform,this project,0.1722,0.0284,3,,corrected-span master,40,yes
Qwen/Qwen2.5-14B,cnn_dailymail,SameTask-long,,attention,this project,0.1537,0.0396,3,,corrected-span master,40,yes
Qwen/Qwen2.5-14B,cnn_dailymail,SameTask-long,,wmsp_norm,this project,0.0343,0.0214,3,,corrected-span master,40,yes
Qwen/Qwen2.5-14B,cnn_dailymail,SameTask-long,,wmsp_shrink2,this project,0.169,0.0279,3,,corrected-span master,40,yes
Qwen/Qwen2.5-14B,cnn_dailymail,SameTask-long,,wmsp_shrink10,this project,0.1444,0.0202,3,,corrected-span master,40,yes
Qwen/Qwen2.5-14B,cnn_dailymail,DiffTask-long,,floor_sum,reference baseline,-0.2923,0.0,3,,corrected-span master,40,yes
Qwen/Qwen2.5-14B,cnn_dailymail,DiffTask-long,,floor_ppl,reference baseline,-0.0442,0.0,3,,corrected-span master,40,yes
Qwen/Qwen2.5-14B,cnn_dailymail,DiffTask-long,,floor_min,reference baseline,-0.1077,0.0,3,,corrected-span master,40,yes
Qwen/Qwen2.5-14B,cnn_dailymail,DiffTask-long,,fair_floor,reference baseline,-0.1077,0.0,0,,corrected-span master,40,yes
Qwen/Qwen2.5-14B,cnn_dailymail,DiffTask-long,,saplma,reference baseline,0.1592,0.0176,3,,corrected-span master,40,yes
Qwen/Qwen2.5-14B,cnn_dailymail,DiffTask-long,,uniform,this project,0.1192,0.04,3,,corrected-span master,40,yes
Qwen/Qwen2.5-14B,cnn_dailymail,DiffTask-long,,attention,this project,0.1131,0.0422,3,,corrected-span master,40,yes
Qwen/Qwen2.5-14B,cnn_dailymail,DiffTask-long,,wmsp_norm,this project,-0.0464,0.0344,3,,corrected-span master,40,yes
Qwen/Qwen2.5-14B,cnn_dailymail,DiffTask-long,,wmsp_shrink2,this project,-0.0141,0.0217,3,,corrected-span master,40,yes
Qwen/Qwen2.5-14B,cnn_dailymail,DiffTask-long,,wmsp_shrink10,this project,0.0016,0.0272,3,,corrected-span master,40,yes
Qwen/Qwen2.5-14B,cnn_dailymail,LOO-long,,floor_sum,reference baseline,-0.2923,0.0,3,,corrected-span master,40,yes
Qwen/Qwen2.5-14B,cnn_dailymail,LOO-long,,floor_ppl,reference baseline,-0.0442,0.0,3,,corrected-span master,40,yes
Qwen/Qwen2.5-14B,cnn_dailymail,LOO-long,,floor_min,reference baseline,-0.1077,0.0,3,,corrected-span master,40,yes
Qwen/Qwen2.5-14B,cnn_dailymail,LOO-long,,fair_floor,reference baseline,-0.1077,0.0,0,,corrected-span master,40,yes
Qwen/Qwen2.5-14B,cnn_dailymail,LOO-long,,saplma,reference baseline,0.2076,0.025,3,,corrected-span master,40,yes
Qwen/Qwen2.5-14B,cnn_dailymail,LOO-long,,uniform,this project,0.1686,0.0181,3,,corrected-span master,40,yes
Qwen/Qwen2.5-14B,cnn_dailymail,LOO-long,,attention,this project,0.1308,0.0253,3,,corrected-span master,40,yes
Qwen/Qwen2.5-14B,cnn_dailymail,LOO-long,,wmsp_norm,this project,-0.0205,0.0564,3,,corrected-span master,40,yes
Qwen/Qwen2.5-14B,cnn_dailymail,LOO-long,,wmsp_shrink2,this project,0.1191,0.0167,3,,corrected-span master,40,yes
Qwen/Qwen2.5-14B,cnn_dailymail,LOO-long,,wmsp_shrink10,this project,0.0716,0.0096,3,,corrected-span master,40,yes
Qwen/Qwen2.5-14B,cnn_dailymail,1ds-Diff-long,,floor_sum,reference baseline,-0.2923,0.0,3,,corrected-span master,40,yes
Qwen/Qwen2.5-14B,cnn_dailymail,1ds-Diff-long,,floor_ppl,reference baseline,-0.0442,0.0,3,,corrected-span master,40,yes
Qwen/Qwen2.5-14B,cnn_dailymail,1ds-Diff-long,,floor_min,reference baseline,-0.1077,0.0,3,,corrected-span master,40,yes
Qwen/Qwen2.5-14B,cnn_dailymail,1ds-Diff-long,,fair_floor,reference baseline,-0.1077,0.0,0,,corrected-span master,40,yes
Qwen/Qwen2.5-14B,cnn_dailymail,1ds-Diff-long,,saplma,reference baseline,0.177,0.0161,3,,corrected-span master,40,yes
Qwen/Qwen2.5-14B,cnn_dailymail,1ds-Diff-long,,uniform,this project,0.1747,0.0049,3,,corrected-span master,40,yes
Qwen/Qwen2.5-14B,cnn_dailymail,1ds-Diff-long,,attention,this project,0.2084,0.0096,3,,corrected-span master,40,yes
Qwen/Qwen2.5-14B,cnn_dailymail,1ds-Diff-long,,wmsp_norm,this project,0.0633,0.0497,3,,corrected-span master,40,yes
Qwen/Qwen2.5-14B,cnn_dailymail,1ds-Diff-long,,wmsp_shrink2,this project,0.093,0.0094,3,,corrected-span master,40,yes
Qwen/Qwen2.5-14B,cnn_dailymail,1ds-Diff-long,,wmsp_shrink10,this project,0.0168,0.023,3,,corrected-span master,40,yes
Qwen/Qwen2.5-14B,samsum,ID,,floor_sum,reference baseline,0.2307,0.0,3,,corrected-span master,40,yes
Qwen/Qwen2.5-14B,samsum,ID,,floor_ppl,reference baseline,0.299,0.0,3,,corrected-span master,40,yes
Qwen/Qwen2.5-14B,samsum,ID,,floor_min,reference baseline,0.1957,0.0,3,,corrected-span master,40,yes
Qwen/Qwen2.5-14B,samsum,ID,,fair_floor,reference baseline,0.1957,0.0,0,,corrected-span master,40,yes
Qwen/Qwen2.5-14B,samsum,ID,,saplma,reference baseline,0.5005,0.0046,3,,corrected-span master,40,yes
Qwen/Qwen2.5-14B,samsum,ID,,uniform,this project,0.4585,0.0137,3,,corrected-span master,40,yes
Qwen/Qwen2.5-14B,samsum,ID,,attention,this project,0.3767,0.067,3,,corrected-span master,40,yes
Qwen/Qwen2.5-14B,samsum,ID,,wmsp_norm,this project,0.3322,0.0376,3,,corrected-span master,40,yes
Qwen/Qwen2.5-14B,samsum,ID,,wmsp_shrink2,this project,0.464,0.0129,3,,corrected-span master,40,yes
Qwen/Qwen2.5-14B,samsum,ID,,wmsp_shrink10,this project,0.5073,0.0103,3,,corrected-span master,40,yes
Qwen/Qwen2.5-14B,samsum,SameTask-long,,floor_sum,reference baseline,0.2307,0.0,3,,corrected-span master,40,yes
Qwen/Qwen2.5-14B,samsum,SameTask-long,,floor_ppl,reference baseline,0.299,0.0,3,,corrected-span master,40,yes
Qwen/Qwen2.5-14B,samsum,SameTask-long,,floor_min,reference baseline,0.1957,0.0,3,,corrected-span master,40,yes
Qwen/Qwen2.5-14B,samsum,SameTask-long,,fair_floor,reference baseline,0.1957,0.0,0,,corrected-span master,40,yes
Qwen/Qwen2.5-14B,samsum,SameTask-long,,saplma,reference baseline,0.125,0.0521,3,,corrected-span master,40,yes
Qwen/Qwen2.5-14B,samsum,SameTask-long,,uniform,this project,0.1032,0.045,3,,corrected-span master,40,yes
Qwen/Qwen2.5-14B,samsum,SameTask-long,,attention,this project,0.0991,0.0553,3,,corrected-span master,40,yes
Qwen/Qwen2.5-14B,samsum,SameTask-long,,wmsp_norm,this project,0.0402,0.0089,3,,corrected-span master,40,yes
Qwen/Qwen2.5-14B,samsum,SameTask-long,,wmsp_shrink2,this project,0.1611,0.0513,3,,corrected-span master,40,yes
Qwen/Qwen2.5-14B,samsum,SameTask-long,,wmsp_shrink10,this project,0.1954,0.0145,3,,corrected-span master,40,yes
Qwen/Qwen2.5-14B,samsum,DiffTask-long,,floor_sum,reference baseline,0.2307,0.0,3,,corrected-span master,40,yes
Qwen/Qwen2.5-14B,samsum,DiffTask-long,,floor_ppl,reference baseline,0.299,0.0,3,,corrected-span master,40,yes
Qwen/Qwen2.5-14B,samsum,DiffTask-long,,floor_min,reference baseline,0.1957,0.0,3,,corrected-span master,40,yes
Qwen/Qwen2.5-14B,samsum,DiffTask-long,,fair_floor,reference baseline,0.1957,0.0,0,,corrected-span master,40,yes
Qwen/Qwen2.5-14B,samsum,DiffTask-long,,saplma,reference baseline,0.1152,0.0457,3,,corrected-span master,40,yes
Qwen/Qwen2.5-14B,samsum,DiffTask-long,,uniform,this project,0.1781,0.0281,3,,corrected-span master,40,yes
Qwen/Qwen2.5-14B,samsum,DiffTask-long,,attention,this project,0.0978,0.0217,3,,corrected-span master,40,yes
Qwen/Qwen2.5-14B,samsum,DiffTask-long,,wmsp_norm,this project,0.084,0.0239,3,,corrected-span master,40,yes
Qwen/Qwen2.5-14B,samsum,DiffTask-long,,wmsp_shrink2,this project,0.2466,0.0168,3,,corrected-span master,40,yes
Qwen/Qwen2.5-14B,samsum,DiffTask-long,,wmsp_shrink10,this project,0.2823,0.0347,3,,corrected-span master,40,yes
Qwen/Qwen2.5-14B,samsum,LOO-long,,floor_sum,reference baseline,0.2307,0.0,3,,corrected-span master,40,yes
Qwen/Qwen2.5-14B,samsum,LOO-long,,floor_ppl,reference baseline,0.299,0.0,3,,corrected-span master,40,yes
Qwen/Qwen2.5-14B,samsum,LOO-long,,floor_min,reference baseline,0.1957,0.0,3,,corrected-span master,40,yes
Qwen/Qwen2.5-14B,samsum,LOO-long,,fair_floor,reference baseline,0.1957,0.0,0,,corrected-span master,40,yes
Qwen/Qwen2.5-14B,samsum,LOO-long,,saplma,reference baseline,0.1162,0.0369,3,,corrected-span master,40,yes
Qwen/Qwen2.5-14B,samsum,LOO-long,,uniform,this project,0.0978,0.0435,3,,corrected-span master,40,yes
Qwen/Qwen2.5-14B,samsum,LOO-long,,attention,this project,0.0622,0.0377,3,,corrected-span master,40,yes
Qwen/Qwen2.5-14B,samsum,LOO-long,,wmsp_norm,this project,0.076,0.0243,3,,corrected-span master,40,yes
Qwen/Qwen2.5-14B,samsum,LOO-long,,wmsp_shrink2,this project,0.2412,0.0067,3,,corrected-span master,40,yes
Qwen/Qwen2.5-14B,samsum,LOO-long,,wmsp_shrink10,this project,0.2722,0.036,3,,corrected-span master,40,yes
Qwen/Qwen2.5-14B,samsum,1ds-Diff-long,,floor_sum,reference baseline,0.2307,0.0,3,,corrected-span master,40,yes
Qwen/Qwen2.5-14B,samsum,1ds-Diff-long,,floor_ppl,reference baseline,0.299,0.0,3,,corrected-span master,40,yes
Qwen/Qwen2.5-14B,samsum,1ds-Diff-long,,floor_min,reference baseline,0.1957,0.0,3,,corrected-span master,40,yes
Qwen/Qwen2.5-14B,samsum,1ds-Diff-long,,fair_floor,reference baseline,0.1957,0.0,0,,corrected-span master,40,yes
Qwen/Qwen2.5-14B,samsum,1ds-Diff-long,,saplma,reference baseline,0.2885,0.0368,3,,corrected-span master,40,yes
Qwen/Qwen2.5-14B,samsum,1ds-Diff-long,,uniform,this project,0.3111,0.0077,3,,corrected-span master,40,yes
Qwen/Qwen2.5-14B,samsum,1ds-Diff-long,,attention,this project,0.3097,0.0199,3,,corrected-span master,40,yes
Qwen/Qwen2.5-14B,samsum,1ds-Diff-long,,wmsp_norm,this project,0.0635,0.0351,3,,corrected-span master,40,yes
Qwen/Qwen2.5-14B,samsum,1ds-Diff-long,,wmsp_shrink2,this project,0.2693,0.0414,3,,corrected-span master,40,yes
Qwen/Qwen2.5-14B,samsum,1ds-Diff-long,,wmsp_shrink10,this project,0.2951,0.0347,3,,corrected-span master,40,yes
Qwen/Qwen2.5-14B,expertqa,ID,,floor_sum,reference baseline,0.6587,0.0,3,,corrected-span master,40,yes
Qwen/Qwen2.5-14B,expertqa,ID,,floor_ppl,reference baseline,0.2718,0.0,3,,corrected-span master,40,yes
Qwen/Qwen2.5-14B,expertqa,ID,,floor_min,reference baseline,0.507,0.0,3,,corrected-span master,40,yes
Qwen/Qwen2.5-14B,expertqa,ID,,fair_floor,reference baseline,0.507,0.0,0,,corrected-span master,40,yes
Qwen/Qwen2.5-14B,expertqa,ID,,saplma,reference baseline,0.8043,0.0115,3,,corrected-span master,40,yes
Qwen/Qwen2.5-14B,expertqa,ID,,uniform,this project,0.7953,0.0008,3,,corrected-span master,40,yes
Qwen/Qwen2.5-14B,expertqa,ID,,attention,this project,0.8089,0.0078,3,,corrected-span master,40,yes
Qwen/Qwen2.5-14B,expertqa,ID,,wmsp_norm,this project,0.6245,0.0135,3,,corrected-span master,40,yes
Qwen/Qwen2.5-14B,expertqa,ID,,wmsp_shrink2,this project,0.6488,0.0172,3,,corrected-span master,40,yes
Qwen/Qwen2.5-14B,expertqa,ID,,wmsp_shrink10,this project,0.6531,0.0263,3,,corrected-span master,40,yes
Qwen/Qwen2.5-14B,expertqa,SameTask-long,,floor_sum,reference baseline,0.6587,0.0,3,,corrected-span master,40,yes
Qwen/Qwen2.5-14B,expertqa,SameTask-long,,floor_ppl,reference baseline,0.2718,0.0,3,,corrected-span master,40,yes
Qwen/Qwen2.5-14B,expertqa,SameTask-long,,floor_min,reference baseline,0.507,0.0,3,,corrected-span master,40,yes
Qwen/Qwen2.5-14B,expertqa,SameTask-long,,fair_floor,reference baseline,0.507,0.0,0,,corrected-span master,40,yes
Qwen/Qwen2.5-14B,expertqa,SameTask-long,,saplma,reference baseline,0.6991,0.0097,3,,corrected-span master,40,yes
Qwen/Qwen2.5-14B,expertqa,SameTask-long,,uniform,this project,0.561,0.0065,3,,corrected-span master,40,yes
Qwen/Qwen2.5-14B,expertqa,SameTask-long,,attention,this project,0.6308,0.0467,3,,corrected-span master,40,yes
Qwen/Qwen2.5-14B,expertqa,SameTask-long,,wmsp_norm,this project,0.0862,0.0692,3,,corrected-span master,40,yes
Qwen/Qwen2.5-14B,expertqa,SameTask-long,,wmsp_shrink2,this project,0.4493,0.0644,3,,corrected-span master,40,yes
Qwen/Qwen2.5-14B,expertqa,SameTask-long,,wmsp_shrink10,this project,0.4634,0.0272,3,,corrected-span master,40,yes
Qwen/Qwen2.5-14B,expertqa,DiffTask-long,,floor_sum,reference baseline,0.6587,0.0,3,,corrected-span master,40,yes
Qwen/Qwen2.5-14B,expertqa,DiffTask-long,,floor_ppl,reference baseline,0.2718,0.0,3,,corrected-span master,40,yes
Qwen/Qwen2.5-14B,expertqa,DiffTask-long,,floor_min,reference baseline,0.507,0.0,3,,corrected-span master,40,yes
Qwen/Qwen2.5-14B,expertqa,DiffTask-long,,fair_floor,reference baseline,0.507,0.0,0,,corrected-span master,40,yes
Qwen/Qwen2.5-14B,expertqa,DiffTask-long,,saplma,reference baseline,0.306,0.2309,3,,corrected-span master,40,yes
Qwen/Qwen2.5-14B,expertqa,DiffTask-long,,uniform,this project,0.2049,0.2152,3,,corrected-span master,40,yes
Qwen/Qwen2.5-14B,expertqa,DiffTask-long,,attention,this project,0.2172,0.1706,3,,corrected-span master,40,yes
Qwen/Qwen2.5-14B,expertqa,DiffTask-long,,wmsp_norm,this project,-0.0172,0.1358,3,,corrected-span master,40,yes
Qwen/Qwen2.5-14B,expertqa,DiffTask-long,,wmsp_shrink2,this project,0.4156,0.0665,3,,corrected-span master,40,yes
Qwen/Qwen2.5-14B,expertqa,DiffTask-long,,wmsp_shrink10,this project,0.4224,0.036,3,,corrected-span master,40,yes
Qwen/Qwen2.5-14B,expertqa,LOO-long,,floor_sum,reference baseline,0.6587,0.0,3,,corrected-span master,40,yes
Qwen/Qwen2.5-14B,expertqa,LOO-long,,floor_ppl,reference baseline,0.2718,0.0,3,,corrected-span master,40,yes
Qwen/Qwen2.5-14B,expertqa,LOO-long,,floor_min,reference baseline,0.507,0.0,3,,corrected-span master,40,yes
Qwen/Qwen2.5-14B,expertqa,LOO-long,,fair_floor,reference baseline,0.507,0.0,0,,corrected-span master,40,yes
Qwen/Qwen2.5-14B,expertqa,LOO-long,,saplma,reference baseline,0.3038,0.3529,3,,corrected-span master,40,yes
Qwen/Qwen2.5-14B,expertqa,LOO-long,,uniform,this project,0.4762,0.0673,3,,corrected-span master,40,yes
Qwen/Qwen2.5-14B,expertqa,LOO-long,,attention,this project,0.3505,0.1919,3,,corrected-span master,40,yes
Qwen/Qwen2.5-14B,expertqa,LOO-long,,wmsp_norm,this project,0.1544,0.153,3,,corrected-span master,40,yes
Qwen/Qwen2.5-14B,expertqa,LOO-long,,wmsp_shrink2,this project,0.4009,0.0494,3,,corrected-span master,40,yes
Qwen/Qwen2.5-14B,expertqa,LOO-long,,wmsp_shrink10,this project,0.4431,0.0096,3,,corrected-span master,40,yes
Qwen/Qwen2.5-14B,expertqa,1ds-Diff-long,,floor_sum,reference baseline,0.6587,0.0,3,,corrected-span master,40,yes
Qwen/Qwen2.5-14B,expertqa,1ds-Diff-long,,floor_ppl,reference baseline,0.2718,0.0,3,,corrected-span master,40,yes
Qwen/Qwen2.5-14B,expertqa,1ds-Diff-long,,floor_min,reference baseline,0.507,0.0,3,,corrected-span master,40,yes
Qwen/Qwen2.5-14B,expertqa,1ds-Diff-long,,fair_floor,reference baseline,0.507,0.0,0,,corrected-span master,40,yes
Qwen/Qwen2.5-14B,expertqa,1ds-Diff-long,,saplma,reference baseline,-0.1133,0.0313,3,,corrected-span master,40,yes
Qwen/Qwen2.5-14B,expertqa,1ds-Diff-long,,uniform,this project,0.0032,0.0387,3,,corrected-span master,40,yes
Qwen/Qwen2.5-14B,expertqa,1ds-Diff-long,,attention,this project,-0.1079,0.0675,3,,corrected-span master,40,yes
Qwen/Qwen2.5-14B,expertqa,1ds-Diff-long,,wmsp_norm,this project,0.0641,0.1322,3,,corrected-span master,40,yes
Qwen/Qwen2.5-14B,expertqa,1ds-Diff-long,,wmsp_shrink2,this project,0.1123,0.0417,3,,corrected-span master,40,yes
Qwen/Qwen2.5-14B,expertqa,1ds-Diff-long,,wmsp_shrink10,this project,0.1397,0.0411,3,,corrected-span master,40,yes
Qwen/Qwen2.5-14B,factscore,ID,,floor_sum,reference baseline,0.2474,0.0,3,,corrected-span master,40,yes
Qwen/Qwen2.5-14B,factscore,ID,,floor_ppl,reference baseline,0.3399,0.0,3,,corrected-span master,40,yes
Qwen/Qwen2.5-14B,factscore,ID,,floor_min,reference baseline,0.2977,0.0,3,,corrected-span master,40,yes
Qwen/Qwen2.5-14B,factscore,ID,,fair_floor,reference baseline,0.2977,0.0,0,,corrected-span master,40,yes
Qwen/Qwen2.5-14B,factscore,ID,,saplma,reference baseline,0.4692,0.0165,3,,corrected-span master,40,yes
Qwen/Qwen2.5-14B,factscore,ID,,uniform,this project,0.3657,0.0066,3,,corrected-span master,40,yes
Qwen/Qwen2.5-14B,factscore,ID,,attention,this project,0.3879,0.0055,3,,corrected-span master,40,yes
Qwen/Qwen2.5-14B,factscore,ID,,wmsp_norm,this project,0.3714,0.0374,3,,corrected-span master,40,yes
Qwen/Qwen2.5-14B,factscore,ID,,wmsp_shrink2,this project,0.4536,0.0071,3,,corrected-span master,40,yes
Qwen/Qwen2.5-14B,factscore,ID,,wmsp_shrink10,this project,0.4341,0.0126,3,,corrected-span master,40,yes
Qwen/Qwen2.5-14B,factscore,SameTask-long,,floor_sum,reference baseline,0.2474,0.0,3,,corrected-span master,40,yes
Qwen/Qwen2.5-14B,factscore,SameTask-long,,floor_ppl,reference baseline,0.3399,0.0,3,,corrected-span master,40,yes
Qwen/Qwen2.5-14B,factscore,SameTask-long,,floor_min,reference baseline,0.2977,0.0,3,,corrected-span master,40,yes
Qwen/Qwen2.5-14B,factscore,SameTask-long,,fair_floor,reference baseline,0.2977,0.0,0,,corrected-span master,40,yes
Qwen/Qwen2.5-14B,factscore,SameTask-long,,saplma,reference baseline,0.4111,0.0205,3,,corrected-span master,40,yes
Qwen/Qwen2.5-14B,factscore,SameTask-long,,uniform,this project,0.1991,0.0179,3,,corrected-span master,40,yes
Qwen/Qwen2.5-14B,factscore,SameTask-long,,attention,this project,0.2984,0.0147,3,,corrected-span master,40,yes
Qwen/Qwen2.5-14B,factscore,SameTask-long,,wmsp_norm,this project,0.1581,0.018,3,,corrected-span master,40,yes
Qwen/Qwen2.5-14B,factscore,SameTask-long,,wmsp_shrink2,this project,0.4758,0.0535,3,,corrected-span master,40,yes
Qwen/Qwen2.5-14B,factscore,SameTask-long,,wmsp_shrink10,this project,0.37,0.0142,3,,corrected-span master,40,yes
Qwen/Qwen2.5-14B,factscore,DiffTask-long,,floor_sum,reference baseline,0.2474,0.0,3,,corrected-span master,40,yes
Qwen/Qwen2.5-14B,factscore,DiffTask-long,,floor_ppl,reference baseline,0.3399,0.0,3,,corrected-span master,40,yes
Qwen/Qwen2.5-14B,factscore,DiffTask-long,,floor_min,reference baseline,0.2977,0.0,3,,corrected-span master,40,yes
Qwen/Qwen2.5-14B,factscore,DiffTask-long,,fair_floor,reference baseline,0.2977,0.0,0,,corrected-span master,40,yes
Qwen/Qwen2.5-14B,factscore,DiffTask-long,,saplma,reference baseline,0.349,0.0382,3,,corrected-span master,40,yes
Qwen/Qwen2.5-14B,factscore,DiffTask-long,,uniform,this project,0.3259,0.0241,3,,corrected-span master,40,yes
Qwen/Qwen2.5-14B,factscore,DiffTask-long,,attention,this project,0.3118,0.022,3,,corrected-span master,40,yes
Qwen/Qwen2.5-14B,factscore,DiffTask-long,,wmsp_norm,this project,0.0818,0.1565,3,,corrected-span master,40,yes
Qwen/Qwen2.5-14B,factscore,DiffTask-long,,wmsp_shrink2,this project,0.3263,0.0802,3,,corrected-span master,40,yes
Qwen/Qwen2.5-14B,factscore,DiffTask-long,,wmsp_shrink10,this project,0.3649,0.0145,3,,corrected-span master,40,yes
Qwen/Qwen2.5-14B,factscore,LOO-long,,floor_sum,reference baseline,0.2474,0.0,3,,corrected-span master,40,yes
Qwen/Qwen2.5-14B,factscore,LOO-long,,floor_ppl,reference baseline,0.3399,0.0,3,,corrected-span master,40,yes
Qwen/Qwen2.5-14B,factscore,LOO-long,,floor_min,reference baseline,0.2977,0.0,3,,corrected-span master,40,yes
Qwen/Qwen2.5-14B,factscore,LOO-long,,fair_floor,reference baseline,0.2977,0.0,0,,corrected-span master,40,yes
Qwen/Qwen2.5-14B,factscore,LOO-long,,saplma,reference baseline,0.3609,0.0324,3,,corrected-span master,40,yes
Qwen/Qwen2.5-14B,factscore,LOO-long,,uniform,this project,0.3705,0.0143,3,,corrected-span master,40,yes
Qwen/Qwen2.5-14B,factscore,LOO-long,,attention,this project,0.363,0.0435,3,,corrected-span master,40,yes
Qwen/Qwen2.5-14B,factscore,LOO-long,,wmsp_norm,this project,0.1507,0.0967,3,,corrected-span master,40,yes
Qwen/Qwen2.5-14B,factscore,LOO-long,,wmsp_shrink2,this project,0.4144,0.02,3,,corrected-span master,40,yes
Qwen/Qwen2.5-14B,factscore,LOO-long,,wmsp_shrink10,this project,0.427,0.0292,3,,corrected-span master,40,yes
Qwen/Qwen2.5-14B,factscore,1ds-Diff-long,,floor_sum,reference baseline,0.2474,0.0,3,,corrected-span master,40,yes
Qwen/Qwen2.5-14B,factscore,1ds-Diff-long,,floor_ppl,reference baseline,0.3399,0.0,3,,corrected-span master,40,yes
Qwen/Qwen2.5-14B,factscore,1ds-Diff-long,,floor_min,reference baseline,0.2977,0.0,3,,corrected-span master,40,yes
Qwen/Qwen2.5-14B,factscore,1ds-Diff-long,,fair_floor,reference baseline,0.2977,0.0,0,,corrected-span master,40,yes
Qwen/Qwen2.5-14B,factscore,1ds-Diff-long,,saplma,reference baseline,0.0678,0.0507,3,,corrected-span master,40,yes
Qwen/Qwen2.5-14B,factscore,1ds-Diff-long,,uniform,this project,-0.1161,0.0164,3,,corrected-span master,40,yes
Qwen/Qwen2.5-14B,factscore,1ds-Diff-long,,attention,this project,-0.0081,0.0764,3,,corrected-span master,40,yes
Qwen/Qwen2.5-14B,factscore,1ds-Diff-long,,wmsp_norm,this project,0.0174,0.1264,3,,corrected-span master,40,yes
Qwen/Qwen2.5-14B,factscore,1ds-Diff-long,,wmsp_shrink2,this project,0.2257,0.0318,3,,corrected-span master,40,yes
Qwen/Qwen2.5-14B,factscore,1ds-Diff-long,,wmsp_shrink10,this project,0.2826,0.0128,3,,corrected-span master,40,yes
Qwen/Qwen2.5-14B,asqa,ID,asqa:664,ptrue,reference baseline,0.1288,0.0051,3,,corrected-span master,40,yes
Qwen/Qwen2.5-14B,asqa,ID,asqa:664,lookback,reference baseline,0.2649,0.043,3,,corrected-span master,40,yes
Qwen/Qwen2.5-14B,asqa,SameTask-long,pubmed_qa:900+med_quad:900,ptrue,reference baseline,0.0004,0.0447,3,,corrected-span master,40,yes
Qwen/Qwen2.5-14B,asqa,SameTask-long,pubmed_qa:900+med_quad:900,lookback,reference baseline,0.175,0.005,3,,corrected-span master,40,yes
Qwen/Qwen2.5-14B,asqa,DiffTask-long,xsum:360+cnn_dailymail:360+samsum:360+expertqa:360+factscore:360,ptrue,reference baseline,0.1334,0.0274,3,,corrected-span master,40,yes
Qwen/Qwen2.5-14B,asqa,DiffTask-long,xsum:360+cnn_dailymail:360+samsum:360+expertqa:360+factscore:360,lookback,reference baseline,0.1811,0.0168,3,,corrected-span master,40,yes
Qwen/Qwen2.5-14B,asqa,LOO-long,pubmed_qa:257+xsum:257+cnn_dailymail:257+med_quad:257+samsum:257+expertqa:257+factscore:257,ptrue,reference baseline,0.1478,0.0458,3,,corrected-span master,40,yes
Qwen/Qwen2.5-14B,asqa,LOO-long,pubmed_qa:257+xsum:257+cnn_dailymail:257+med_quad:257+samsum:257+expertqa:257+factscore:257,lookback,reference baseline,0.1525,0.0162,3,,corrected-span master,40,yes
Qwen/Qwen2.5-14B,asqa,1ds-Diff-long,xsum:1800,ptrue,reference baseline,0.036,0.009,3,,corrected-span master,40,yes
Qwen/Qwen2.5-14B,asqa,1ds-Diff-long,xsum:1800,lookback,reference baseline,0.155,0.0105,3,,corrected-span master,40,yes
Qwen/Qwen2.5-14B,cnn_dailymail,ID,cnn_dailymail:1800,ptrue,reference baseline,0.1297,0.0229,3,,corrected-span master,40,yes
Qwen/Qwen2.5-14B,cnn_dailymail,ID,cnn_dailymail:1800,lookback,reference baseline,0.3724,0.0008,3,,corrected-span master,40,yes
Qwen/Qwen2.5-14B,cnn_dailymail,SameTask-long,xsum:900+samsum:900,ptrue,reference baseline,0.0812,0.0675,3,,corrected-span master,40,yes
Qwen/Qwen2.5-14B,cnn_dailymail,SameTask-long,xsum:900+samsum:900,lookback,reference baseline,0.306,0.0572,3,,corrected-span master,40,yes
Qwen/Qwen2.5-14B,cnn_dailymail,DiffTask-long,pubmed_qa:360+med_quad:360+expertqa:360+asqa:360+factscore:360,ptrue,reference baseline,0.1176,0.0073,3,,corrected-span master,40,yes
Qwen/Qwen2.5-14B,cnn_dailymail,DiffTask-long,pubmed_qa:360+med_quad:360+expertqa:360+asqa:360+factscore:360,lookback,reference baseline,0.1987,0.0098,3,,corrected-span master,40,yes
Qwen/Qwen2.5-14B,cnn_dailymail,LOO-long,pubmed_qa:257+xsum:257+med_quad:257+samsum:257+expertqa:257+asqa:257+factscore:257,ptrue,reference baseline,0.0524,0.0656,3,,corrected-span master,40,yes
Qwen/Qwen2.5-14B,cnn_dailymail,LOO-long,pubmed_qa:257+xsum:257+med_quad:257+samsum:257+expertqa:257+asqa:257+factscore:257,lookback,reference baseline,0.1846,0.0371,3,,corrected-span master,40,yes
Qwen/Qwen2.5-14B,cnn_dailymail,1ds-Diff-long,pubmed_qa:1800,ptrue,reference baseline,-0.0543,0.0092,3,,corrected-span master,40,yes
Qwen/Qwen2.5-14B,cnn_dailymail,1ds-Diff-long,pubmed_qa:1800,lookback,reference baseline,0.2775,0.0025,3,,corrected-span master,40,yes
Qwen/Qwen2.5-14B,expertqa,ID,expertqa:1109,ptrue,reference baseline,0.6001,0.0273,3,,corrected-span master,40,yes
Qwen/Qwen2.5-14B,expertqa,ID,expertqa:1109,lookback,reference baseline,0.7968,0.004,3,,corrected-span master,40,yes
Qwen/Qwen2.5-14B,expertqa,SameTask-long,factscore:468,ptrue,reference baseline,0.5414,0.0007,3,,corrected-span master,40,yes
Qwen/Qwen2.5-14B,expertqa,SameTask-long,factscore:468,lookback,reference baseline,0.4938,0.0807,3,,corrected-span master,40,yes
Qwen/Qwen2.5-14B,expertqa,DiffTask-long,pubmed_qa:300+xsum:300+cnn_dailymail:300+med_quad:300+samsum:300+asqa:300,ptrue,reference baseline,0.2908,0.1095,3,,corrected-span master,40,yes
Qwen/Qwen2.5-14B,expertqa,DiffTask-long,pubmed_qa:300+xsum:300+cnn_dailymail:300+med_quad:300+samsum:300+asqa:300,lookback,reference baseline,0.5444,0.0768,3,,corrected-span master,40,yes
Qwen/Qwen2.5-14B,expertqa,LOO-long,pubmed_qa:257+xsum:257+cnn_dailymail:257+med_quad:257+samsum:257+asqa:257+factscore:257,ptrue,reference baseline,0.2461,0.2036,3,,corrected-span master,40,yes
Qwen/Qwen2.5-14B,expertqa,LOO-long,pubmed_qa:257+xsum:257+cnn_dailymail:257+med_quad:257+samsum:257+asqa:257+factscore:257,lookback,reference baseline,0.5946,0.0518,3,,corrected-span master,40,yes
Qwen/Qwen2.5-14B,expertqa,1ds-Diff-long,pubmed_qa:1800,ptrue,reference baseline,-0.7199,0.1039,3,,corrected-span master,40,yes
Qwen/Qwen2.5-14B,expertqa,1ds-Diff-long,pubmed_qa:1800,lookback,reference baseline,-0.3004,0.0102,3,,corrected-span master,40,yes
Qwen/Qwen2.5-14B,factscore,ID,factscore:328,ptrue,reference baseline,0.4403,0.0218,3,,corrected-span master,40,yes
Qwen/Qwen2.5-14B,factscore,ID,factscore:328,lookback,reference baseline,0.5124,0.0184,3,,corrected-span master,40,yes
Qwen/Qwen2.5-14B,factscore,SameTask-long,expertqa:1585,ptrue,reference baseline,0.3125,0.0266,3,,corrected-span master,40,yes
Qwen/Qwen2.5-14B,factscore,SameTask-long,expertqa:1585,lookback,reference baseline,0.2732,0.1001,3,,corrected-span master,40,yes
Qwen/Qwen2.5-14B,factscore,DiffTask-long,pubmed_qa:300+xsum:300+cnn_dailymail:300+med_quad:300+samsum:300+asqa:300,ptrue,reference baseline,-0.0783,0.0035,3,,corrected-span master,40,yes
Qwen/Qwen2.5-14B,factscore,DiffTask-long,pubmed_qa:300+xsum:300+cnn_dailymail:300+med_quad:300+samsum:300+asqa:300,lookback,reference baseline,0.4439,0.0134,3,,corrected-span master,40,yes
Qwen/Qwen2.5-14B,factscore,LOO-long,pubmed_qa:257+xsum:257+cnn_dailymail:257+med_quad:257+samsum:257+expertqa:257+asqa:257,ptrue,reference baseline,0.0776,0.0076,3,,corrected-span master,40,yes
Qwen/Qwen2.5-14B,factscore,LOO-long,pubmed_qa:257+xsum:257+cnn_dailymail:257+med_quad:257+samsum:257+expertqa:257+asqa:257,lookback,reference baseline,0.4305,0.0322,3,,corrected-span master,40,yes
Qwen/Qwen2.5-14B,factscore,1ds-Diff-long,pubmed_qa:1800,ptrue,reference baseline,-0.2551,0.071,3,,corrected-span master,40,yes
Qwen/Qwen2.5-14B,factscore,1ds-Diff-long,pubmed_qa:1800,lookback,reference baseline,0.1989,0.0136,3,,corrected-span master,40,yes
Qwen/Qwen2.5-14B,med_quad,ID,med_quad:1260,ptrue,reference baseline,0.3604,0.0643,3,,corrected-span master,40,yes
Qwen/Qwen2.5-14B,med_quad,ID,med_quad:1260,lookback,reference baseline,0.5102,0.0015,3,,corrected-span master,40,yes
Qwen/Qwen2.5-14B,med_quad,SameTask-long,pubmed_qa:900+asqa:900,ptrue,reference baseline,0.1625,0.0201,3,,corrected-span master,40,yes
Qwen/Qwen2.5-14B,med_quad,SameTask-long,pubmed_qa:900+asqa:900,lookback,reference baseline,0.2295,0.0079,3,,corrected-span master,40,yes
Qwen/Qwen2.5-14B,med_quad,DiffTask-long,xsum:360+cnn_dailymail:360+samsum:360+expertqa:360+factscore:360,ptrue,reference baseline,-0.0551,0.0257,3,,corrected-span master,40,yes
Qwen/Qwen2.5-14B,med_quad,DiffTask-long,xsum:360+cnn_dailymail:360+samsum:360+expertqa:360+factscore:360,lookback,reference baseline,0.2264,0.0106,3,,corrected-span master,40,yes
Qwen/Qwen2.5-14B,med_quad,LOO-long,pubmed_qa:257+xsum:257+cnn_dailymail:257+samsum:257+expertqa:257+asqa:257+factscore:257,ptrue,reference baseline,0.0469,0.055,3,,corrected-span master,40,yes
Qwen/Qwen2.5-14B,med_quad,LOO-long,pubmed_qa:257+xsum:257+cnn_dailymail:257+samsum:257+expertqa:257+asqa:257+factscore:257,lookback,reference baseline,0.2352,0.0141,3,,corrected-span master,40,yes
Qwen/Qwen2.5-14B,med_quad,1ds-Diff-long,xsum:1800,ptrue,reference baseline,-0.017,0.0081,3,,corrected-span master,40,yes
Qwen/Qwen2.5-14B,med_quad,1ds-Diff-long,xsum:1800,lookback,reference baseline,0.1216,0.0082,3,,corrected-span master,40,yes
Qwen/Qwen2.5-14B,pubmed_qa,ID,pubmed_qa:1800,ptrue,reference baseline,0.5272,0.0602,3,,corrected-span master,40,yes
Qwen/Qwen2.5-14B,pubmed_qa,ID,pubmed_qa:1800,lookback,reference baseline,0.6989,0.0006,3,,corrected-span master,40,yes
Qwen/Qwen2.5-14B,pubmed_qa,SameTask-long,med_quad:900+asqa:900,ptrue,reference baseline,0.2903,0.0728,3,,corrected-span master,40,yes
Qwen/Qwen2.5-14B,pubmed_qa,SameTask-long,med_quad:900+asqa:900,lookback,reference baseline,-0.004,0.1612,3,,corrected-span master,40,yes
Qwen/Qwen2.5-14B,pubmed_qa,DiffTask-long,xsum:360+cnn_dailymail:360+samsum:360+expertqa:360+factscore:360,ptrue,reference baseline,0.136,0.1588,3,,corrected-span master,40,yes
Qwen/Qwen2.5-14B,pubmed_qa,DiffTask-long,xsum:360+cnn_dailymail:360+samsum:360+expertqa:360+factscore:360,lookback,reference baseline,0.3873,0.0134,3,,corrected-span master,40,yes
Qwen/Qwen2.5-14B,pubmed_qa,LOO-long,xsum:257+cnn_dailymail:257+med_quad:257+samsum:257+expertqa:257+asqa:257+factscore:257,ptrue,reference baseline,0.2172,0.1651,3,,corrected-span master,40,yes
Qwen/Qwen2.5-14B,pubmed_qa,LOO-long,xsum:257+cnn_dailymail:257+med_quad:257+samsum:257+expertqa:257+asqa:257+factscore:257,lookback,reference baseline,0.3748,0.0063,3,,corrected-span master,40,yes
Qwen/Qwen2.5-14B,pubmed_qa,1ds-Diff-long,xsum:1800,ptrue,reference baseline,0.4052,0.024,3,,corrected-span master,40,yes
Qwen/Qwen2.5-14B,pubmed_qa,1ds-Diff-long,xsum:1800,lookback,reference baseline,0.35,0.0531,3,,corrected-span master,40,yes
Qwen/Qwen2.5-14B,samsum,ID,samsum:1260,ptrue,reference baseline,0.2924,0.0219,3,,corrected-span master,40,yes
Qwen/Qwen2.5-14B,samsum,ID,samsum:1260,lookback,reference baseline,0.5182,0.0067,3,,corrected-span master,40,yes
Qwen/Qwen2.5-14B,samsum,SameTask-long,xsum:900+cnn_dailymail:900,ptrue,reference baseline,-0.0212,0.0482,3,,corrected-span master,40,yes
Qwen/Qwen2.5-14B,samsum,SameTask-long,xsum:900+cnn_dailymail:900,lookback,reference baseline,-0.1363,0.0231,3,,corrected-span master,40,yes
Qwen/Qwen2.5-14B,samsum,DiffTask-long,pubmed_qa:360+med_quad:360+expertqa:360+asqa:360+factscore:360,ptrue,reference baseline,0.1063,0.1148,3,,corrected-span master,40,yes
Qwen/Qwen2.5-14B,samsum,DiffTask-long,pubmed_qa:360+med_quad:360+expertqa:360+asqa:360+factscore:360,lookback,reference baseline,0.404,0.0233,3,,corrected-span master,40,yes
Qwen/Qwen2.5-14B,samsum,LOO-long,pubmed_qa:257+xsum:257+cnn_dailymail:257+med_quad:257+expertqa:257+asqa:257+factscore:257,ptrue,reference baseline,0.1142,0.033,3,,corrected-span master,40,yes
Qwen/Qwen2.5-14B,samsum,LOO-long,pubmed_qa:257+xsum:257+cnn_dailymail:257+med_quad:257+expertqa:257+asqa:257+factscore:257,lookback,reference baseline,0.1066,0.1821,3,,corrected-span master,40,yes
Qwen/Qwen2.5-14B,samsum,1ds-Diff-long,pubmed_qa:1800,ptrue,reference baseline,-0.0658,0.004,3,,corrected-span master,40,yes
Qwen/Qwen2.5-14B,samsum,1ds-Diff-long,pubmed_qa:1800,lookback,reference baseline,0.1939,0.0069,3,,corrected-span master,40,yes
Qwen/Qwen2.5-14B,xsum,ID,xsum:1800,ptrue,reference baseline,0.1574,0.046,3,,corrected-span master,40,yes
Qwen/Qwen2.5-14B,xsum,ID,xsum:1800,lookback,reference baseline,0.4035,0.0058,3,,corrected-span master,40,yes
Qwen/Qwen2.5-14B,xsum,SameTask-long,cnn_dailymail:900+samsum:900,ptrue,reference baseline,0.0443,0.01,3,,corrected-span master,40,yes
Qwen/Qwen2.5-14B,xsum,SameTask-long,cnn_dailymail:900+samsum:900,lookback,reference baseline,-0.049,0.0228,3,,corrected-span master,40,yes
Qwen/Qwen2.5-14B,xsum,DiffTask-long,pubmed_qa:360+med_quad:360+expertqa:360+asqa:360+factscore:360,ptrue,reference baseline,0.0529,0.0538,3,,corrected-span master,40,yes
Qwen/Qwen2.5-14B,xsum,DiffTask-long,pubmed_qa:360+med_quad:360+expertqa:360+asqa:360+factscore:360,lookback,reference baseline,0.1261,0.0154,3,,corrected-span master,40,yes
Qwen/Qwen2.5-14B,xsum,LOO-long,pubmed_qa:257+cnn_dailymail:257+med_quad:257+samsum:257+expertqa:257+asqa:257+factscore:257,ptrue,reference baseline,0.062,0.073,3,,corrected-span master,40,yes
Qwen/Qwen2.5-14B,xsum,LOO-long,pubmed_qa:257+cnn_dailymail:257+med_quad:257+samsum:257+expertqa:257+asqa:257+factscore:257,lookback,reference baseline,0.2008,0.0205,3,,corrected-span master,40,yes
Qwen/Qwen2.5-14B,xsum,1ds-Diff-long,pubmed_qa:1800,ptrue,reference baseline,-0.0629,0.0142,3,,corrected-span master,40,yes
Qwen/Qwen2.5-14B,xsum,1ds-Diff-long,pubmed_qa:1800,lookback,reference baseline,0.1394,0.0008,3,,corrected-span master,40,yes
Qwen/Qwen2.5-14B,pubmed_qa,ID,(floor: eval set only),ptrue_unsup,reference baseline,-0.02,0.0,1,,corrected-span master,40,yes
Qwen/Qwen2.5-14B,pubmed_qa,SameTask-long,(floor: eval set only),ptrue_unsup,reference baseline,-0.02,0.0,1,,corrected-span master,40,yes
Qwen/Qwen2.5-14B,pubmed_qa,DiffTask-long,(floor: eval set only),ptrue_unsup,reference baseline,-0.02,0.0,1,,corrected-span master,40,yes
Qwen/Qwen2.5-14B,pubmed_qa,LOO-long,(floor: eval set only),ptrue_unsup,reference baseline,-0.02,0.0,1,,corrected-span master,40,yes
Qwen/Qwen2.5-14B,pubmed_qa,1ds-Diff-long,(floor: eval set only),ptrue_unsup,reference baseline,-0.02,0.0,1,,corrected-span master,40,yes
Qwen/Qwen2.5-14B,xsum,ID,(floor: eval set only),ptrue_unsup,reference baseline,0.0988,0.0,1,,corrected-span master,40,yes
Qwen/Qwen2.5-14B,xsum,SameTask-long,(floor: eval set only),ptrue_unsup,reference baseline,0.0988,0.0,1,,corrected-span master,40,yes
Qwen/Qwen2.5-14B,xsum,DiffTask-long,(floor: eval set only),ptrue_unsup,reference baseline,0.0988,0.0,1,,corrected-span master,40,yes
Qwen/Qwen2.5-14B,xsum,LOO-long,(floor: eval set only),ptrue_unsup,reference baseline,0.0988,0.0,1,,corrected-span master,40,yes
Qwen/Qwen2.5-14B,xsum,1ds-Diff-long,(floor: eval set only),ptrue_unsup,reference baseline,0.0988,0.0,1,,corrected-span master,40,yes
Qwen/Qwen2.5-14B,cnn_dailymail,ID,(floor: eval set only),ptrue_unsup,reference baseline,0.0413,0.0,1,,corrected-span master,40,yes
Qwen/Qwen2.5-14B,cnn_dailymail,SameTask-long,(floor: eval set only),ptrue_unsup,reference baseline,0.0413,0.0,1,,corrected-span master,40,yes
Qwen/Qwen2.5-14B,cnn_dailymail,DiffTask-long,(floor: eval set only),ptrue_unsup,reference baseline,0.0413,0.0,1,,corrected-span master,40,yes
Qwen/Qwen2.5-14B,cnn_dailymail,LOO-long,(floor: eval set only),ptrue_unsup,reference baseline,0.0413,0.0,1,,corrected-span master,40,yes
Qwen/Qwen2.5-14B,cnn_dailymail,1ds-Diff-long,(floor: eval set only),ptrue_unsup,reference baseline,0.0413,0.0,1,,corrected-span master,40,yes
Qwen/Qwen2.5-14B,med_quad,ID,(floor: eval set only),ptrue_unsup,reference baseline,0.1632,0.0,1,,corrected-span master,40,yes
Qwen/Qwen2.5-14B,med_quad,SameTask-long,(floor: eval set only),ptrue_unsup,reference baseline,0.1632,0.0,1,,corrected-span master,40,yes
Qwen/Qwen2.5-14B,med_quad,DiffTask-long,(floor: eval set only),ptrue_unsup,reference baseline,0.1632,0.0,1,,corrected-span master,40,yes
Qwen/Qwen2.5-14B,med_quad,LOO-long,(floor: eval set only),ptrue_unsup,reference baseline,0.1632,0.0,1,,corrected-span master,40,yes
Qwen/Qwen2.5-14B,med_quad,1ds-Diff-long,(floor: eval set only),ptrue_unsup,reference baseline,0.1632,0.0,1,,corrected-span master,40,yes
Qwen/Qwen2.5-14B,samsum,ID,(floor: eval set only),ptrue_unsup,reference baseline,0.3713,0.0,1,,corrected-span master,40,yes
Qwen/Qwen2.5-14B,samsum,SameTask-long,(floor: eval set only),ptrue_unsup,reference baseline,0.3713,0.0,1,,corrected-span master,40,yes
Qwen/Qwen2.5-14B,samsum,DiffTask-long,(floor: eval set only),ptrue_unsup,reference baseline,0.3713,0.0,1,,corrected-span master,40,yes
Qwen/Qwen2.5-14B,samsum,LOO-long,(floor: eval set only),ptrue_unsup,reference baseline,0.3713,0.0,1,,corrected-span master,40,yes
Qwen/Qwen2.5-14B,samsum,1ds-Diff-long,(floor: eval set only),ptrue_unsup,reference baseline,0.3713,0.0,1,,corrected-span master,40,yes
Qwen/Qwen2.5-14B,expertqa,ID,(floor: eval set only),ptrue_unsup,reference baseline,0.4837,0.0,1,,corrected-span master,40,yes
Qwen/Qwen2.5-14B,expertqa,SameTask-long,(floor: eval set only),ptrue_unsup,reference baseline,0.4837,0.0,1,,corrected-span master,40,yes
Qwen/Qwen2.5-14B,expertqa,DiffTask-long,(floor: eval set only),ptrue_unsup,reference baseline,0.4837,0.0,1,,corrected-span master,40,yes
Qwen/Qwen2.5-14B,expertqa,LOO-long,(floor: eval set only),ptrue_unsup,reference baseline,0.4837,0.0,1,,corrected-span master,40,yes
Qwen/Qwen2.5-14B,expertqa,1ds-Diff-long,(floor: eval set only),ptrue_unsup,reference baseline,0.4837,0.0,1,,corrected-span master,40,yes
Qwen/Qwen2.5-14B,asqa,ID,(floor: eval set only),ptrue_unsup,reference baseline,-0.0307,0.0,1,,corrected-span master,40,yes
Qwen/Qwen2.5-14B,asqa,SameTask-long,(floor: eval set only),ptrue_unsup,reference baseline,-0.0307,0.0,1,,corrected-span master,40,yes
Qwen/Qwen2.5-14B,asqa,DiffTask-long,(floor: eval set only),ptrue_unsup,reference baseline,-0.0307,0.0,1,,corrected-span master,40,yes
Qwen/Qwen2.5-14B,asqa,LOO-long,(floor: eval set only),ptrue_unsup,reference baseline,-0.0307,0.0,1,,corrected-span master,40,yes
Qwen/Qwen2.5-14B,asqa,1ds-Diff-long,(floor: eval set only),ptrue_unsup,reference baseline,-0.0307,0.0,1,,corrected-span master,40,yes
Qwen/Qwen2.5-14B,factscore,ID,(floor: eval set only),ptrue_unsup,reference baseline,0.3723,0.0,1,,corrected-span master,40,yes
Qwen/Qwen2.5-14B,factscore,SameTask-long,(floor: eval set only),ptrue_unsup,reference baseline,0.3723,0.0,1,,corrected-span master,40,yes
Qwen/Qwen2.5-14B,factscore,DiffTask-long,(floor: eval set only),ptrue_unsup,reference baseline,0.3723,0.0,1,,corrected-span master,40,yes
Qwen/Qwen2.5-14B,factscore,LOO-long,(floor: eval set only),ptrue_unsup,reference baseline,0.3723,0.0,1,,corrected-span master,40,yes
Qwen/Qwen2.5-14B,factscore,1ds-Diff-long,(floor: eval set only),ptrue_unsup,reference baseline,0.3723,0.0,1,,corrected-span master,40,yes
Qwen/Qwen2.5-14B,cnn_dailymail,1ds-Diff-long,pubmed_qa,hbo,published baseline,-0.292256,0.0,3,0,published baselines,40,yes
Qwen/Qwen2.5-14B,cnn_dailymail,1ds-Diff-long,pubmed_qa,huq_satmd_mid,published baseline,-0.032344,0.0,3,0,published baselines,40,yes
Qwen/Qwen2.5-14B,cnn_dailymail,1ds-Diff-long,pubmed_qa,md_mean_mid,published baseline,-0.032344,0.0,3,0,published baselines,40,yes
Qwen/Qwen2.5-14B,cnn_dailymail,1ds-Diff-long,pubmed_qa,satmd_mid,published baseline,-0.032344,0.0,3,0,published baselines,40,yes
Qwen/Qwen2.5-14B,expertqa,1ds-Diff-long,pubmed_qa,hbo,published baseline,0.658668,0.0,3,0,published baselines,40,yes
Qwen/Qwen2.5-14B,expertqa,1ds-Diff-long,pubmed_qa,huq_satmd_mid,published baseline,-0.105722,0.0,3,0,published baselines,40,yes
Qwen/Qwen2.5-14B,expertqa,1ds-Diff-long,pubmed_qa,md_mean_mid,published baseline,-0.105722,0.0,3,0,published baselines,40,yes
Qwen/Qwen2.5-14B,expertqa,1ds-Diff-long,pubmed_qa,satmd_mid,published baseline,-0.105722,0.0,3,0,published baselines,40,yes
Qwen/Qwen2.5-14B,factscore,1ds-Diff-long,pubmed_qa,hbo,published baseline,0.247427,0.0,3,0,published baselines,40,yes
Qwen/Qwen2.5-14B,factscore,1ds-Diff-long,pubmed_qa,huq_satmd_mid,published baseline,0.245787,0.0,3,0,published baselines,40,yes
Qwen/Qwen2.5-14B,factscore,1ds-Diff-long,pubmed_qa,md_mean_mid,published baseline,0.245787,0.0,3,0,published baselines,40,yes
Qwen/Qwen2.5-14B,factscore,1ds-Diff-long,pubmed_qa,satmd_mid,published baseline,0.245787,0.0,3,0,published baselines,40,yes
Qwen/Qwen2.5-14B,samsum,1ds-Diff-long,pubmed_qa,hbo,published baseline,0.230688,0.0,3,0,published baselines,40,yes
Qwen/Qwen2.5-14B,samsum,1ds-Diff-long,pubmed_qa,huq_satmd_mid,published baseline,-0.089187,0.0,3,0,published baselines,40,yes
Qwen/Qwen2.5-14B,samsum,1ds-Diff-long,pubmed_qa,md_mean_mid,published baseline,-0.089187,0.0,3,0,published baselines,40,yes
Qwen/Qwen2.5-14B,samsum,1ds-Diff-long,pubmed_qa,satmd_mid,published baseline,-0.089187,0.0,3,0,published baselines,40,yes
Qwen/Qwen2.5-14B,xsum,1ds-Diff-long,pubmed_qa,hbo,published baseline,-0.026519,0.0,3,0,published baselines,40,yes
Qwen/Qwen2.5-14B,xsum,1ds-Diff-long,pubmed_qa,huq_satmd_mid,published baseline,0.061896,0.0,3,0,published baselines,40,yes
Qwen/Qwen2.5-14B,xsum,1ds-Diff-long,pubmed_qa,md_mean_mid,published baseline,0.061896,0.0,3,0,published baselines,40,yes
Qwen/Qwen2.5-14B,xsum,1ds-Diff-long,pubmed_qa,satmd_mid,published baseline,0.061896,0.0,3,0,published baselines,40,yes
Qwen/Qwen2.5-14B,asqa,1ds-Diff-long,xsum,hbo,published baseline,0.103793,0.0,3,0,published baselines,40,yes
Qwen/Qwen2.5-14B,asqa,1ds-Diff-long,xsum,huq_satmd_mid,published baseline,-0.006532,0.0,3,0,published baselines,40,yes
Qwen/Qwen2.5-14B,asqa,1ds-Diff-long,xsum,md_mean_mid,published baseline,-0.006532,0.0,3,0,published baselines,40,yes
Qwen/Qwen2.5-14B,asqa,1ds-Diff-long,xsum,satmd_mid,published baseline,-0.006532,0.0,3,0,published baselines,40,yes
Qwen/Qwen2.5-14B,med_quad,1ds-Diff-long,xsum,hbo,published baseline,-0.117438,0.0,3,0,published baselines,40,yes
Qwen/Qwen2.5-14B,med_quad,1ds-Diff-long,xsum,huq_satmd_mid,published baseline,-0.260417,0.0,3,0,published baselines,40,yes
Qwen/Qwen2.5-14B,med_quad,1ds-Diff-long,xsum,md_mean_mid,published baseline,-0.260417,0.0,3,0,published baselines,40,yes
Qwen/Qwen2.5-14B,med_quad,1ds-Diff-long,xsum,satmd_mid,published baseline,-0.260417,0.0,3,0,published baselines,40,yes
Qwen/Qwen2.5-14B,pubmed_qa,1ds-Diff-long,xsum,hbo,published baseline,-0.333496,0.0,3,0,published baselines,40,yes
Qwen/Qwen2.5-14B,pubmed_qa,1ds-Diff-long,xsum,huq_satmd_mid,published baseline,0.210911,0.0,3,0,published baselines,40,yes
Qwen/Qwen2.5-14B,pubmed_qa,1ds-Diff-long,xsum,md_mean_mid,published baseline,0.210911,0.0,3,0,published baselines,40,yes
Qwen/Qwen2.5-14B,pubmed_qa,1ds-Diff-long,xsum,satmd_mid,published baseline,0.210911,0.0,3,0,published baselines,40,yes
Qwen/Qwen2.5-14B,expertqa,DiffTask-long,pubmed_qa+xsum+cnn_dailymail+med_quad+samsum+asqa,hbo,published baseline,0.658595,0.000435,3,0,published baselines,40,yes
Qwen/Qwen2.5-14B,expertqa,DiffTask-long,pubmed_qa+xsum+cnn_dailymail+med_quad+samsum+asqa,huq_satmd_mid,published baseline,0.303939,0.276216,3,0,published baselines,40,yes
Qwen/Qwen2.5-14B,expertqa,DiffTask-long,pubmed_qa+xsum+cnn_dailymail+med_quad+samsum+asqa,md_mean_mid,published baseline,-0.03767,0.002046,3,0,published baselines,40,yes
Qwen/Qwen2.5-14B,expertqa,DiffTask-long,pubmed_qa+xsum+cnn_dailymail+med_quad+samsum+asqa,satmd_mid,published baseline,-0.03767,0.002046,3,0,published baselines,40,yes
Qwen/Qwen2.5-14B,factscore,DiffTask-long,pubmed_qa+xsum+cnn_dailymail+med_quad+samsum+asqa,hbo,published baseline,0.247427,0.0,3,0,published baselines,40,yes
Qwen/Qwen2.5-14B,factscore,DiffTask-long,pubmed_qa+xsum+cnn_dailymail+med_quad+samsum+asqa,huq_satmd_mid,published baseline,0.266275,0.047525,3,0,published baselines,40,yes
Qwen/Qwen2.5-14B,factscore,DiffTask-long,pubmed_qa+xsum+cnn_dailymail+med_quad+samsum+asqa,md_mean_mid,published baseline,0.219798,0.006865,3,0,published baselines,40,yes
Qwen/Qwen2.5-14B,factscore,DiffTask-long,pubmed_qa+xsum+cnn_dailymail+med_quad+samsum+asqa,satmd_mid,published baseline,0.219798,0.006865,3,0,published baselines,40,yes
Qwen/Qwen2.5-14B,cnn_dailymail,DiffTask-long,pubmed_qa+med_quad+expertqa+asqa+factscore,hbo,published baseline,-0.211846,0.004975,3,0,published baselines,40,yes
Qwen/Qwen2.5-14B,cnn_dailymail,DiffTask-long,pubmed_qa+med_quad+expertqa+asqa+factscore,huq_satmd_mid,published baseline,-0.161003,0.038095,3,0,published baselines,40,yes
Qwen/Qwen2.5-14B,cnn_dailymail,DiffTask-long,pubmed_qa+med_quad+expertqa+asqa+factscore,md_mean_mid,published baseline,0.144847,0.001316,3,0,published baselines,40,yes
Qwen/Qwen2.5-14B,cnn_dailymail,DiffTask-long,pubmed_qa+med_quad+expertqa+asqa+factscore,satmd_mid,published baseline,0.144847,0.001316,3,0,published baselines,40,yes
Qwen/Qwen2.5-14B,samsum,DiffTask-long,pubmed_qa+med_quad+expertqa+asqa+factscore,hbo,published baseline,0.246119,0.014839,3,0,published baselines,40,yes
Qwen/Qwen2.5-14B,samsum,DiffTask-long,pubmed_qa+med_quad+expertqa+asqa+factscore,huq_satmd_mid,published baseline,0.163934,0.009553,3,0,published baselines,40,yes
Qwen/Qwen2.5-14B,samsum,DiffTask-long,pubmed_qa+med_quad+expertqa+asqa+factscore,md_mean_mid,published baseline,-0.133495,0.004807,3,0,published baselines,40,yes
Qwen/Qwen2.5-14B,samsum,DiffTask-long,pubmed_qa+med_quad+expertqa+asqa+factscore,satmd_mid,published baseline,-0.133495,0.004807,3,0,published baselines,40,yes
Qwen/Qwen2.5-14B,xsum,DiffTask-long,pubmed_qa+med_quad+expertqa+asqa+factscore,hbo,published baseline,0.044297,0.004162,3,0,published baselines,40,yes
Qwen/Qwen2.5-14B,xsum,DiffTask-long,pubmed_qa+med_quad+expertqa+asqa+factscore,huq_satmd_mid,published baseline,0.002985,0.01185,3,0,published baselines,40,yes
Qwen/Qwen2.5-14B,xsum,DiffTask-long,pubmed_qa+med_quad+expertqa+asqa+factscore,md_mean_mid,published baseline,0.068773,0.003332,3,0,published baselines,40,yes
Qwen/Qwen2.5-14B,xsum,DiffTask-long,pubmed_qa+med_quad+expertqa+asqa+factscore,satmd_mid,published baseline,0.068773,0.003332,3,0,published baselines,40,yes
Qwen/Qwen2.5-14B,asqa,DiffTask-long,xsum+cnn_dailymail+samsum+expertqa+factscore,hbo,published baseline,0.100026,0.001861,3,0,published baselines,40,yes
Qwen/Qwen2.5-14B,asqa,DiffTask-long,xsum+cnn_dailymail+samsum+expertqa+factscore,huq_satmd_mid,published baseline,0.103793,0.0,3,0,published baselines,40,yes
Qwen/Qwen2.5-14B,asqa,DiffTask-long,xsum+cnn_dailymail+samsum+expertqa+factscore,md_mean_mid,published baseline,-0.003446,0.002529,3,0,published baselines,40,yes
Qwen/Qwen2.5-14B,asqa,DiffTask-long,xsum+cnn_dailymail+samsum+expertqa+factscore,satmd_mid,published baseline,-0.003446,0.002529,3,0,published baselines,40,yes
Qwen/Qwen2.5-14B,med_quad,DiffTask-long,xsum+cnn_dailymail+samsum+expertqa+factscore,hbo,published baseline,-0.117438,0.0,3,0,published baselines,40,yes
Qwen/Qwen2.5-14B,med_quad,DiffTask-long,xsum+cnn_dailymail+samsum+expertqa+factscore,huq_satmd_mid,published baseline,-0.117438,0.0,3,0,published baselines,40,yes
Qwen/Qwen2.5-14B,med_quad,DiffTask-long,xsum+cnn_dailymail+samsum+expertqa+factscore,md_mean_mid,published baseline,-0.19441,0.003915,3,0,published baselines,40,yes
Qwen/Qwen2.5-14B,med_quad,DiffTask-long,xsum+cnn_dailymail+samsum+expertqa+factscore,satmd_mid,published baseline,-0.19441,0.003915,3,0,published baselines,40,yes
Qwen/Qwen2.5-14B,pubmed_qa,DiffTask-long,xsum+cnn_dailymail+samsum+expertqa+factscore,hbo,published baseline,-0.333509,2.4e-05,3,0,published baselines,40,yes
Qwen/Qwen2.5-14B,pubmed_qa,DiffTask-long,xsum+cnn_dailymail+samsum+expertqa+factscore,huq_satmd_mid,published baseline,-0.333496,0.0,3,0,published baselines,40,yes
Qwen/Qwen2.5-14B,pubmed_qa,DiffTask-long,xsum+cnn_dailymail+samsum+expertqa+factscore,md_mean_mid,published baseline,-0.086622,0.020233,3,0,published baselines,40,yes
Qwen/Qwen2.5-14B,pubmed_qa,DiffTask-long,xsum+cnn_dailymail+samsum+expertqa+factscore,satmd_mid,published baseline,-0.086622,0.020233,3,0,published baselines,40,yes
Qwen/Qwen2.5-14B,asqa,ID,asqa,hbo,published baseline,0.189278,0.00864,3,0,published baselines,40,yes
Qwen/Qwen2.5-14B,asqa,ID,asqa,huq_satmd_mid,published baseline,0.1076,0.0,3,0,published baselines,40,yes
Qwen/Qwen2.5-14B,asqa,ID,asqa,md_mean_mid,published baseline,0.053476,0.0,3,0,published baselines,40,yes
Qwen/Qwen2.5-14B,asqa,ID,asqa,satmd_mid,published baseline,-0.033718,0.0,3,0,published baselines,40,yes
Qwen/Qwen2.5-14B,cnn_dailymail,ID,cnn_dailymail,hbo,published baseline,-0.269206,0.001729,3,0,published baselines,40,yes
Qwen/Qwen2.5-14B,cnn_dailymail,ID,cnn_dailymail,huq_satmd_mid,published baseline,0.031729,0.0,3,0,published baselines,40,yes
Qwen/Qwen2.5-14B,cnn_dailymail,ID,cnn_dailymail,md_mean_mid,published baseline,-0.00879,0.0,3,0,published baselines,40,yes
Qwen/Qwen2.5-14B,cnn_dailymail,ID,cnn_dailymail,satmd_mid,published baseline,0.031729,0.0,3,0,published baselines,40,yes
Qwen/Qwen2.5-14B,expertqa,ID,expertqa,hbo,published baseline,0.687031,0.003459,3,0,published baselines,40,yes
Qwen/Qwen2.5-14B,expertqa,ID,expertqa,huq_satmd_mid,published baseline,0.658668,0.0,3,0,published baselines,40,yes
Qwen/Qwen2.5-14B,expertqa,ID,expertqa,md_mean_mid,published baseline,-0.019351,0.0,3,0,published baselines,40,yes
Qwen/Qwen2.5-14B,expertqa,ID,expertqa,satmd_mid,published baseline,0.265971,0.0,3,0,published baselines,40,yes
Qwen/Qwen2.5-14B,factscore,ID,factscore,hbo,published baseline,0.44149,0.008346,3,0,published baselines,40,yes
Qwen/Qwen2.5-14B,factscore,ID,factscore,huq_satmd_mid,published baseline,0.183194,0.0,3,0,published baselines,40,yes
Qwen/Qwen2.5-14B,factscore,ID,factscore,md_mean_mid,published baseline,0.061929,0.0,3,0,published baselines,40,yes
Qwen/Qwen2.5-14B,factscore,ID,factscore,satmd_mid,published baseline,0.074369,0.0,3,0,published baselines,40,yes
Qwen/Qwen2.5-14B,med_quad,ID,med_quad,hbo,published baseline,0.135684,0.019387,3,0,published baselines,40,yes
Qwen/Qwen2.5-14B,med_quad,ID,med_quad,huq_satmd_mid,published baseline,0.097273,0.0,3,0,published baselines,40,yes
Qwen/Qwen2.5-14B,med_quad,ID,med_quad,md_mean_mid,published baseline,-0.159341,0.0,3,0,published baselines,40,yes
Qwen/Qwen2.5-14B,med_quad,ID,med_quad,satmd_mid,published baseline,0.097258,0.0,3,0,published baselines,40,yes
Qwen/Qwen2.5-14B,pubmed_qa,ID,pubmed_qa,hbo,published baseline,-0.011867,0.0345,3,0,published baselines,40,yes
Qwen/Qwen2.5-14B,pubmed_qa,ID,pubmed_qa,huq_satmd_mid,published baseline,0.105577,0.0,3,0,published baselines,40,yes
Qwen/Qwen2.5-14B,pubmed_qa,ID,pubmed_qa,md_mean_mid,published baseline,0.105577,0.0,3,0,published baselines,40,yes
Qwen/Qwen2.5-14B,pubmed_qa,ID,pubmed_qa,satmd_mid,published baseline,0.105577,0.0,3,0,published baselines,40,yes
Qwen/Qwen2.5-14B,samsum,ID,samsum,hbo,published baseline,0.414559,0.001325,3,0,published baselines,40,yes
Qwen/Qwen2.5-14B,samsum,ID,samsum,huq_satmd_mid,published baseline,0.230688,0.0,3,0,published baselines,40,yes
Qwen/Qwen2.5-14B,samsum,ID,samsum,md_mean_mid,published baseline,0.009532,0.0,3,0,published baselines,40,yes
Qwen/Qwen2.5-14B,samsum,ID,samsum,satmd_mid,published baseline,0.009532,0.0,3,0,published baselines,40,yes
Qwen/Qwen2.5-14B,xsum,ID,xsum,hbo,published baseline,0.127238,0.003387,3,0,published baselines,40,yes
Qwen/Qwen2.5-14B,xsum,ID,xsum,huq_satmd_mid,published baseline,0.04705,0.0,3,0,published baselines,40,yes
Qwen/Qwen2.5-14B,xsum,ID,xsum,md_mean_mid,published baseline,0.068988,0.0,3,0,published baselines,40,yes
Qwen/Qwen2.5-14B,xsum,ID,xsum,satmd_mid,published baseline,0.068988,0.0,3,0,published baselines,40,yes
Qwen/Qwen2.5-14B,xsum,LOO-long,pubmed_qa+cnn_dailymail+med_quad+samsum+expertqa+asqa+factscore,hbo,published baseline,0.044214,0.006454,3,0,published baselines,40,yes
Qwen/Qwen2.5-14B,xsum,LOO-long,pubmed_qa+cnn_dailymail+med_quad+samsum+expertqa+asqa+factscore,huq_satmd_mid,published baseline,0.034813,0.00452,3,0,published baselines,40,yes
Qwen/Qwen2.5-14B,xsum,LOO-long,pubmed_qa+cnn_dailymail+med_quad+samsum+expertqa+asqa+factscore,md_mean_mid,published baseline,0.058883,0.00287,3,0,published baselines,40,yes
Qwen/Qwen2.5-14B,xsum,LOO-long,pubmed_qa+cnn_dailymail+med_quad+samsum+expertqa+asqa+factscore,satmd_mid,published baseline,0.058883,0.00287,3,0,published baselines,40,yes
Qwen/Qwen2.5-14B,samsum,LOO-long,pubmed_qa+xsum+cnn_dailymail+med_quad+expertqa+asqa+factscore,hbo,published baseline,0.234741,0.00378,3,0,published baselines,40,yes
Qwen/Qwen2.5-14B,samsum,LOO-long,pubmed_qa+xsum+cnn_dailymail+med_quad+expertqa+asqa+factscore,huq_satmd_mid,published baseline,0.02631,0.140759,3,0,published baselines,40,yes
Qwen/Qwen2.5-14B,samsum,LOO-long,pubmed_qa+xsum+cnn_dailymail+med_quad+expertqa+asqa+factscore,md_mean_mid,published baseline,-0.162678,0.001873,3,0,published baselines,40,yes
Qwen/Qwen2.5-14B,samsum,LOO-long,pubmed_qa+xsum+cnn_dailymail+med_quad+expertqa+asqa+factscore,satmd_mid,published baseline,-0.162678,0.001873,3,0,published baselines,40,yes
Qwen/Qwen2.5-14B,pubmed_qa,LOO-long,xsum+cnn_dailymail+med_quad+samsum+expertqa+asqa+factscore,hbo,published baseline,-0.235082,0.021243,3,0,published baselines,40,yes
Qwen/Qwen2.5-14B,pubmed_qa,LOO-long,xsum+cnn_dailymail+med_quad+samsum+expertqa+asqa+factscore,huq_satmd_mid,published baseline,-0.256204,0.015346,3,0,published baselines,40,yes
Qwen/Qwen2.5-14B,pubmed_qa,LOO-long,xsum+cnn_dailymail+med_quad+samsum+expertqa+asqa+factscore,md_mean_mid,published baseline,-0.156335,0.005058,3,0,published baselines,40,yes
Qwen/Qwen2.5-14B,pubmed_qa,LOO-long,xsum+cnn_dailymail+med_quad+samsum+expertqa+asqa+factscore,satmd_mid,published baseline,-0.156335,0.005058,3,0,published baselines,40,yes
Qwen/Qwen2.5-14B,med_quad,LOO-long,pubmed_qa+xsum+cnn_dailymail+samsum+expertqa+asqa+factscore,hbo,published baseline,-0.117438,0.0,3,0,published baselines,40,yes
Qwen/Qwen2.5-14B,med_quad,LOO-long,pubmed_qa+xsum+cnn_dailymail+samsum+expertqa+asqa+factscore,huq_satmd_mid,published baseline,-0.16266,0.032027,3,0,published baselines,40,yes
Qwen/Qwen2.5-14B,med_quad,LOO-long,pubmed_qa+xsum+cnn_dailymail+samsum+expertqa+asqa+factscore,md_mean_mid,published baseline,-0.224239,0.001916,3,0,published baselines,40,yes
Qwen/Qwen2.5-14B,med_quad,LOO-long,pubmed_qa+xsum+cnn_dailymail+samsum+expertqa+asqa+factscore,satmd_mid,published baseline,-0.224239,0.001916,3,0,published baselines,40,yes
Qwen/Qwen2.5-14B,factscore,LOO-long,pubmed_qa+xsum+cnn_dailymail+med_quad+samsum+expertqa+asqa,hbo,published baseline,0.247427,0.0,3,0,published baselines,40,yes
Qwen/Qwen2.5-14B,factscore,LOO-long,pubmed_qa+xsum+cnn_dailymail+med_quad+samsum+expertqa+asqa,huq_satmd_mid,published baseline,0.292683,0.03931,3,0,published baselines,40,yes
Qwen/Qwen2.5-14B,factscore,LOO-long,pubmed_qa+xsum+cnn_dailymail+med_quad+samsum+expertqa+asqa,md_mean_mid,published baseline,0.249823,0.002491,3,0,published baselines,40,yes
Qwen/Qwen2.5-14B,factscore,LOO-long,pubmed_qa+xsum+cnn_dailymail+med_quad+samsum+expertqa+asqa,satmd_mid,published baseline,0.249823,0.002491,3,0,published baselines,40,yes
Qwen/Qwen2.5-14B,expertqa,LOO-long,pubmed_qa+xsum+cnn_dailymail+med_quad+samsum+asqa+factscore,hbo,published baseline,0.657694,0.000172,3,0,published baselines,40,yes
Qwen/Qwen2.5-14B,expertqa,LOO-long,pubmed_qa+xsum+cnn_dailymail+med_quad+samsum+asqa+factscore,huq_satmd_mid,published baseline,0.326355,0.218,3,0,published baselines,40,yes
Qwen/Qwen2.5-14B,expertqa,LOO-long,pubmed_qa+xsum+cnn_dailymail+med_quad+samsum+asqa+factscore,md_mean_mid,published baseline,-0.07655,0.0079,3,0,published baselines,40,yes
Qwen/Qwen2.5-14B,expertqa,LOO-long,pubmed_qa+xsum+cnn_dailymail+med_quad+samsum+asqa+factscore,satmd_mid,published baseline,-0.07655,0.0079,3,0,published baselines,40,yes
Qwen/Qwen2.5-14B,cnn_dailymail,LOO-long,pubmed_qa+xsum+med_quad+samsum+expertqa+asqa+factscore,hbo,published baseline,-0.014035,0.012215,3,0,published baselines,40,yes
Qwen/Qwen2.5-14B,cnn_dailymail,LOO-long,pubmed_qa+xsum+med_quad+samsum+expertqa+asqa+factscore,huq_satmd_mid,published baseline,-0.153363,0.022457,3,0,published baselines,40,yes
Qwen/Qwen2.5-14B,cnn_dailymail,LOO-long,pubmed_qa+xsum+med_quad+samsum+expertqa+asqa+factscore,md_mean_mid,published baseline,-0.034512,0.017717,3,0,published baselines,40,yes
Qwen/Qwen2.5-14B,cnn_dailymail,LOO-long,pubmed_qa+xsum+med_quad+samsum+expertqa+asqa+factscore,satmd_mid,published baseline,-0.034512,0.017717,3,0,published baselines,40,yes
Qwen/Qwen2.5-14B,asqa,LOO-long,pubmed_qa+xsum+cnn_dailymail+med_quad+samsum+expertqa+factscore,hbo,published baseline,0.101314,0.001359,3,0,published baselines,40,yes
Qwen/Qwen2.5-14B,asqa,LOO-long,pubmed_qa+xsum+cnn_dailymail+med_quad+samsum+expertqa+factscore,huq_satmd_mid,published baseline,0.11923,0.008765,3,0,published baselines,40,yes
Qwen/Qwen2.5-14B,asqa,LOO-long,pubmed_qa+xsum+cnn_dailymail+med_quad+samsum+expertqa+factscore,md_mean_mid,published baseline,0.000653,0.005546,3,0,published baselines,40,yes
Qwen/Qwen2.5-14B,asqa,LOO-long,pubmed_qa+xsum+cnn_dailymail+med_quad+samsum+expertqa+factscore,satmd_mid,published baseline,0.000653,0.005546,3,0,published baselines,40,yes
Qwen/Qwen2.5-14B,pubmed_qa,SameTask-long,med_quad+asqa,hbo,published baseline,-0.180269,0.008787,3,0,published baselines,40,yes
Qwen/Qwen2.5-14B,pubmed_qa,SameTask-long,med_quad+asqa,huq_satmd_mid,published baseline,-0.207637,0.02736,3,0,published baselines,40,yes
Qwen/Qwen2.5-14B,pubmed_qa,SameTask-long,med_quad+asqa,md_mean_mid,published baseline,-0.183193,0.001894,3,0,published baselines,40,yes
Qwen/Qwen2.5-14B,pubmed_qa,SameTask-long,med_quad+asqa,satmd_mid,published baseline,-0.228315,0.002366,3,0,published baselines,40,yes
Qwen/Qwen2.5-14B,med_quad,SameTask-long,pubmed_qa+asqa,hbo,published baseline,-0.117438,0.0,3,0,published baselines,40,yes
Qwen/Qwen2.5-14B,med_quad,SameTask-long,pubmed_qa+asqa,huq_satmd_mid,published baseline,-0.265524,0.003157,3,0,published baselines,40,yes
Qwen/Qwen2.5-14B,med_quad,SameTask-long,pubmed_qa+asqa,md_mean_mid,published baseline,-0.265524,0.003157,3,0,published baselines,40,yes
Qwen/Qwen2.5-14B,med_quad,SameTask-long,pubmed_qa+asqa,satmd_mid,published baseline,-0.265524,0.003157,3,0,published baselines,40,yes
Qwen/Qwen2.5-14B,xsum,SameTask-long,cnn_dailymail+samsum,hbo,published baseline,-0.013039,0.001097,3,0,published baselines,40,yes
Qwen/Qwen2.5-14B,xsum,SameTask-long,cnn_dailymail+samsum,huq_satmd_mid,published baseline,-0.007764,0.009363,3,0,published baselines,40,yes
Qwen/Qwen2.5-14B,xsum,SameTask-long,cnn_dailymail+samsum,md_mean_mid,published baseline,0.052187,0.001609,3,0,published baselines,40,yes
Qwen/Qwen2.5-14B,xsum,SameTask-long,cnn_dailymail+samsum,satmd_mid,published baseline,-0.114117,0.000687,3,0,published baselines,40,yes
Qwen/Qwen2.5-14B,samsum,SameTask-long,xsum+cnn_dailymail,hbo,published baseline,0.230402,8.7e-05,3,0,published baselines,40,yes
Qwen/Qwen2.5-14B,samsum,SameTask-long,xsum+cnn_dailymail,huq_satmd_mid,published baseline,0.197944,0.017435,3,0,published baselines,40,yes
Qwen/Qwen2.5-14B,samsum,SameTask-long,xsum+cnn_dailymail,md_mean_mid,published baseline,-0.169448,0.002233,3,0,published baselines,40,yes
Qwen/Qwen2.5-14B,samsum,SameTask-long,xsum+cnn_dailymail,satmd_mid,published baseline,0.164508,0.002897,3,0,published baselines,40,yes
Qwen/Qwen2.5-14B,factscore,SameTask-long,expertqa,hbo,published baseline,0.253448,0.002079,3,0,published baselines,40,yes
Qwen/Qwen2.5-14B,factscore,SameTask-long,expertqa,huq_satmd_mid,published baseline,0.247427,0.0,3,0,published baselines,40,yes
Qwen/Qwen2.5-14B,factscore,SameTask-long,expertqa,md_mean_mid,published baseline,0.248725,0.0,3,0,published baselines,40,yes
Qwen/Qwen2.5-14B,factscore,SameTask-long,expertqa,satmd_mid,published baseline,-0.058541,0.0,3,0,published baselines,40,yes
Qwen/Qwen2.5-14B,expertqa,SameTask-long,factscore,hbo,published baseline,0.658217,0.000435,3,0,published baselines,40,yes
Qwen/Qwen2.5-14B,expertqa,SameTask-long,factscore,huq_satmd_mid,published baseline,0.669653,0.0,3,0,published baselines,40,yes
Qwen/Qwen2.5-14B,expertqa,SameTask-long,factscore,md_mean_mid,published baseline,-0.35181,0.0,3,0,published baselines,40,yes
Qwen/Qwen2.5-14B,expertqa,SameTask-long,factscore,satmd_mid,published baseline,0.414416,0.0,3,0,published baselines,40,yes
Qwen/Qwen2.5-14B,asqa,SameTask-long,pubmed_qa+med_quad,hbo,published baseline,0.103793,0.0,3,0,published baselines,40,yes
Qwen/Qwen2.5-14B,asqa,SameTask-long,pubmed_qa+med_quad,huq_satmd_mid,published baseline,-0.006059,0.00826,3,0,published baselines,40,yes
Qwen/Qwen2.5-14B,asqa,SameTask-long,pubmed_qa+med_quad,md_mean_mid,published baseline,-0.006059,0.00826,3,0,published baselines,40,yes
Qwen/Qwen2.5-14B,asqa,SameTask-long,pubmed_qa+med_quad,satmd_mid,published baseline,-0.006059,0.00826,3,0,published baselines,40,yes
Qwen/Qwen2.5-14B,cnn_dailymail,SameTask-long,xsum+samsum,hbo,published baseline,-0.123538,0.018124,3,0,published baselines,40,yes
Qwen/Qwen2.5-14B,cnn_dailymail,SameTask-long,xsum+samsum,huq_satmd_mid,published baseline,-0.200019,0.007016,3,0,published baselines,40,yes
Qwen/Qwen2.5-14B,cnn_dailymail,SameTask-long,xsum+samsum,md_mean_mid,published baseline,-0.111129,0.00312,3,0,published baselines,40,yes
Qwen/Qwen2.5-14B,cnn_dailymail,SameTask-long,xsum+samsum,satmd_mid,published baseline,-0.111129,0.00312,3,0,published baselines,40,yes
